image1,image2,label
b00001.jpg,b00001.jpg,same
b00002.jpg,b00002.jpg,same
b00003.jpg,b00003.jpg,same
b00004.jpg,b00004.jpg,same
b00005.jpg,b00005.jpg,same
b00006.jpg,b00006.jpg,same
b00007.jpg,b00007.jpg,same
b00008.jpg,b00008.jpg,same
b00009.jpg,b00009.jpg,same
b00010.jpg,b00010.jpg,same
b00011.jpg,b00011.jpg,same
b00012.jpg,b00012.jpg,same
b00013.jpg,b00013.jpg,same
b00014.jpg,b00014.jpg,same
b00015.jpg,b00015.jpg,same
b00016.jpg,b00016.jpg,same
b00017.jpg,b00017.jpg,same
b00018.jpg,b00018.jpg,same
b00019.jpg,b00019.jpg,same
b00020.jpg,b00020.jpg,same
b00021.jpg,b00021.jpg,same
b00022.jpg,b00022.jpg,same
b00023.jpg,b00023.jpg,same
b00024.jpg,b00024.jpg,same
b00025.jpg,b00025.jpg,same
b00026.jpg,b00026.jpg,same
b00027.jpg,b00027.jpg,same
b00028.jpg,b00028.jpg,same
b00029.jpg,b00029.jpg,same
b00030.jpg,b00030.jpg,same
b00031.jpg,b00031.jpg,same
b00032.jpg,b00032.jpg,same
b00033.jpg,b00033.jpg,same
b00034.jpg,b00034.jpg,same
b00035.jpg,b00035.jpg,same
b00036.jpg,b00036.jpg,same
b00037.jpg,b00037.jpg,same
b00038.jpg,b00038.jpg,same
b00039.jpg,b00039.jpg,same
b00040.jpg,b00040.jpg,same
b00041.jpg,b00041.jpg,same
b00042.jpg,b00042.jpg,same
b00043.jpg,b00043.jpg,same
b00044.jpg,b00044.jpg,same
b00045.jpg,b00045.jpg,same
b00046.jpg,b00046.jpg,same
b00047.jpg,b00047.jpg,same
b00048.jpg,b00048.jpg,same
b00049.jpg,b00049.jpg,same
b00050.jpg,b00050.jpg,same
b00051.jpg,b00051.jpg,same
b00052.jpg,b00052.jpg,same
b00053.jpg,b00053.jpg,same
b00054.jpg,b00054.jpg,same
b00055.jpg,b00055.jpg,same
b00056.jpg,b00056.jpg,same
b00057.jpg,b00057.jpg,same
b00058.jpg,b00058.jpg,same
b00059.jpg,b00059.jpg,same
b00060.jpg,b00060.jpg,same
b00061.jpg,b00061.jpg,same
b00062.jpg,b00062.jpg,same
b00063.jpg,b00063.jpg,same
b00064.jpg,b00064.jpg,same
b00065.jpg,b00065.jpg,same
b00066.jpg,b00066.jpg,same
b00067.jpg,b00067.jpg,same
b00068.jpg,b00068.jpg,same
b00069.jpg,b00069.jpg,same
b00070.jpg,b00070.jpg,same
b00071.jpg,b00071.jpg,same
b00072.jpg,b00072.jpg,same
b00073.jpg,b00073.jpg,same
b00074.jpg,b00074.jpg,same
b00075.jpg,b00075.jpg,same
b00076.jpg,b00076.jpg,same
b00077.jpg,b00077.jpg,same
b00078.jpg,b00078.jpg,same
b00079.jpg,b00079.jpg,same
b00080.jpg,b00080.jpg,same
b00081.jpg,b00081.jpg,same
b00082.jpg,b00082.jpg,same
b00083.jpg,b00083.jpg,same
b00084.jpg,b00084.jpg,same
b00085.jpg,b00085.jpg,same
b00086.jpg,b00086.jpg,same
b00087.jpg,b00087.jpg,same
b00088.jpg,b00088.jpg,same
b00089.jpg,b00089.jpg,same
b00090.jpg,b00090.jpg,same
b00091.jpg,b00091.jpg,same
b00092.jpg,b00092.jpg,same
b00093.jpg,b00093.jpg,same
b00094.jpg,b00094.jpg,same
b00095.jpg,b00095.jpg,same
b00096.jpg,b00096.jpg,same
b00097.jpg,b00097.jpg,same
b00098.jpg,b00098.jpg,same
b00099.jpg,b00099.jpg,same
b00100.jpg,b00100.jpg,same
b00101.jpg,b00101.jpg,same
b00102.jpg,b00102.jpg,same
b00103.jpg,b00103.jpg,same
b00104.jpg,b00104.jpg,same
b00105.jpg,b00105.jpg,same
b00106.jpg,b00106.jpg,same
b00107.jpg,b00107.jpg,same
b00108.jpg,b00108.jpg,same
b00109.jpg,b00109.jpg,same
b00110.jpg,b00110.jpg,same
b00111.jpg,b00111.jpg,same
b00112.jpg,b00112.jpg,same
b00113.jpg,b00113.jpg,same
b00114.jpg,b00114.jpg,same
b00115.jpg,b00115.jpg,same
b00116.jpg,b00116.jpg,same
b00117.jpg,b00117.jpg,same
b00118.jpg,b00118.jpg,same
b00119.jpg,b00119.jpg,same
b00120.jpg,b00120.jpg,same
b00121.jpg,b00121.jpg,same
b00122.jpg,b00122.jpg,same
b00123.jpg,b00123.jpg,same
b00124.jpg,b00124.jpg,same
b00125.jpg,b00125.jpg,same
b00126.jpg,b00126.jpg,same
b00127.jpg,b00127.jpg,same
b00128.jpg,b00128.jpg,same
b00129.jpg,b00129.jpg,same
b00130.jpg,b00130.jpg,same
b00131.jpg,b00131.jpg,same
b00132.jpg,b00132.jpg,same
b00133.jpg,b00133.jpg,same
b00134.jpg,b00134.jpg,same
b00135.jpg,b00135.jpg,same
b00136.jpg,b00136.jpg,same
b00137.jpg,b00137.jpg,same
b00138.jpg,b00138.jpg,same
b00139.jpg,b00139.jpg,same
b00140.jpg,b00140.jpg,same
b00141.jpg,b00141.jpg,same
b00142.jpg,b00142.jpg,same
b00143.jpg,b00143.jpg,same
b00144.jpg,b00144.jpg,same
b00145.jpg,b00145.jpg,same
b00146.jpg,b00146.jpg,same
b00147.jpg,b00147.jpg,same
b00148.jpg,b00148.jpg,same
b00149.jpg,b00149.jpg,same
b00150.jpg,b00150.jpg,same
b00151.jpg,b00151.jpg,same
b00152.jpg,b00152.jpg,same
b00153.jpg,b00153.jpg,same
b00154.jpg,b00154.jpg,same
b00155.jpg,b00155.jpg,same
b00156.jpg,b00156.jpg,same
b00157.jpg,b00157.jpg,same
b00158.jpg,b00158.jpg,same
b00159.jpg,b00159.jpg,same
b00160.jpg,b00160.jpg,same
b00161.jpg,b00161.jpg,same
b00162.jpg,b00162.jpg,same
b00163.jpg,b00163.jpg,same
b00164.jpg,b00164.jpg,same
b00165.jpg,b00165.jpg,same
b00166.jpg,b00166.jpg,same
b00167.jpg,b00167.jpg,same
b00168.jpg,b00168.jpg,same
b00169.jpg,b00169.jpg,same
b00170.jpg,b00170.jpg,same
b00171.jpg,b00171.jpg,same
b00172.jpg,b00172.jpg,same
b00173.jpg,b00173.jpg,same
b00174.jpg,b00174.jpg,same
b00175.jpg,b00175.jpg,same
b00176.jpg,b00176.jpg,same
b00177.jpg,b00177.jpg,same
b00178.jpg,b00178.jpg,same
b00179.jpg,b00179.jpg,same
b00180.jpg,b00180.jpg,same
b00181.jpg,b00181.jpg,same
b00182.jpg,b00182.jpg,same
b00183.jpg,b00183.jpg,same
b00184.jpg,b00184.jpg,same
b00185.jpg,b00185.jpg,same
b00186.jpg,b00186.jpg,same
b00187.jpg,b00187.jpg,same
b00188.jpg,b00188.jpg,same
b00189.jpg,b00189.jpg,same
b00190.jpg,b00190.jpg,same
b00191.jpg,b00191.jpg,same
b00192.jpg,b00192.jpg,same
b00193.jpg,b00193.jpg,same
b00194.jpg,b00194.jpg,same
b00195.jpg,b00195.jpg,same
b00196.jpg,b00196.jpg,same
b00197.jpg,b00197.jpg,same
b00198.jpg,b00198.jpg,same
b00199.jpg,b00199.jpg,same
b00200.jpg,b00200.jpg,same
b00201.jpg,b00201.jpg,same
b00202.jpg,b00202.jpg,same
b00203.jpg,b00203.jpg,same
b00204.jpg,b00204.jpg,same
b00205.jpg,b00205.jpg,same
b00206.jpg,b00206.jpg,same
b00207.jpg,b00207.jpg,same
b00208.jpg,b00208.jpg,same
b00209.jpg,b00209.jpg,same
b00210.jpg,b00210.jpg,same
b00211.jpg,b00211.jpg,same
b00212.jpg,b00212.jpg,same
b00213.jpg,b00213.jpg,same
b00214.jpg,b00214.jpg,same
b00215.jpg,b00215.jpg,same
b00216.jpg,b00216.jpg,same
b00217.jpg,b00217.jpg,same
b00218.jpg,b00218.jpg,same
b00219.jpg,b00219.jpg,same
b00220.jpg,b00220.jpg,same
b00221.jpg,b00221.jpg,same
b00222.jpg,b00222.jpg,same
b00223.jpg,b00223.jpg,same
b00224.jpg,b00224.jpg,same
b00225.jpg,b00225.jpg,same
b00226.jpg,b00226.jpg,same
b00227.jpg,b00227.jpg,same
b00228.jpg,b00228.jpg,same
b00229.jpg,b00229.jpg,same
b00230.jpg,b00230.jpg,same
b00231.jpg,b00231.jpg,same
b00232.jpg,b00232.jpg,same
b00233.jpg,b00233.jpg,same
b00234.jpg,b00234.jpg,same
b00235.jpg,b00235.jpg,same
b00236.jpg,b00236.jpg,same
b00237.jpg,b00237.jpg,same
b00238.jpg,b00238.jpg,same
b00239.jpg,b00239.jpg,same
b00240.jpg,b00240.jpg,same
b00241.jpg,b00241.jpg,same
b00242.jpg,b00242.jpg,same
b00243.jpg,b00243.jpg,same
b00244.jpg,b00244.jpg,same
b00245.jpg,b00245.jpg,same
b00246.jpg,b00246.jpg,same
b00247.jpg,b00247.jpg,same
b00248.jpg,b00248.jpg,same
b00249.jpg,b00249.jpg,same
b00250.jpg,b00250.jpg,same
b00251.jpg,b00251.jpg,same
b00252.jpg,b00252.jpg,same
b00253.jpg,b00253.jpg,same
b00254.jpg,b00254.jpg,same
b00255.jpg,b00255.jpg,same
b00256.jpg,b00256.jpg,same
b00257.jpg,b00257.jpg,same
b00258.jpg,b00258.jpg,same
b00259.jpg,b00259.jpg,same
b00260.jpg,b00260.jpg,same
b00261.jpg,b00261.jpg,same
b00262.jpg,b00262.jpg,same
b00263.jpg,b00263.jpg,same
b00264.jpg,b00264.jpg,same
b00265.jpg,b00265.jpg,same
b00266.jpg,b00266.jpg,same
b00267.jpg,b00267.jpg,same
b00268.jpg,b00268.jpg,same
b00269.jpg,b00269.jpg,same
b00270.jpg,b00270.jpg,same
b00271.jpg,b00271.jpg,same
b00272.jpg,b00272.jpg,same
b00273.jpg,b00273.jpg,same
b00274.jpg,b00274.jpg,same
b00275.jpg,b00275.jpg,same
b00276.jpg,b00276.jpg,same
b00277.jpg,b00277.jpg,same
b00278.jpg,b00278.jpg,same
b00279.jpg,b00279.jpg,same
b00280.jpg,b00280.jpg,same
b00281.jpg,b00281.jpg,same
b00282.jpg,b00282.jpg,same
b00283.jpg,b00283.jpg,same
b00284.jpg,b00284.jpg,same
b00285.jpg,b00285.jpg,same
b00286.jpg,b00286.jpg,same
b00287.jpg,b00287.jpg,same
b00288.jpg,b00288.jpg,same
b00289.jpg,b00289.jpg,same
b00290.jpg,b00290.jpg,same
b00291.jpg,b00291.jpg,same
b00292.jpg,b00292.jpg,same
b00293.jpg,b00293.jpg,same
b00294.jpg,b00294.jpg,same
b00295.jpg,b00295.jpg,same
b00296.jpg,b00296.jpg,same
b00297.jpg,b00297.jpg,same
b00298.jpg,b00298.jpg,same
b00299.jpg,b00299.jpg,same
b00300.jpg,b00300.jpg,same
b00301.jpg,b00301.jpg,same
b00302.jpg,b00302.jpg,same
b00303.jpg,b00303.jpg,same
b00304.jpg,b00304.jpg,same
b00305.jpg,b00305.jpg,same
b00306.jpg,b00306.jpg,same
b00307.jpg,b00307.jpg,same
b00308.jpg,b00308.jpg,same
b00309.jpg,b00309.jpg,same
b00310.jpg,b00310.jpg,same
b00311.jpg,b00311.jpg,same
b00312.jpg,b00312.jpg,same
b00313.jpg,b00313.jpg,same
b00314.jpg,b00314.jpg,same
b00315.jpg,b00315.jpg,same
b00316.jpg,b00316.jpg,same
b00317.jpg,b00317.jpg,same
b00318.jpg,b00318.jpg,same
b00319.jpg,b00319.jpg,same
b00320.jpg,b00320.jpg,same
b00321.jpg,b00321.jpg,same
b00322.jpg,b00322.jpg,same
b00323.jpg,b00323.jpg,same
b00324.jpg,b00324.jpg,same
b00325.jpg,b00325.jpg,same
b00326.jpg,b00326.jpg,same
b00327.jpg,b00327.jpg,same
b00328.jpg,b00328.jpg,same
b00329.jpg,b00329.jpg,same
b00330.jpg,b00330.jpg,same
b00331.jpg,b00331.jpg,same
b00332.jpg,b00332.jpg,same
b00333.jpg,b00333.jpg,same
b00334.jpg,b00334.jpg,same
b00335.jpg,b00335.jpg,same
b00336.jpg,b00336.jpg,same
b00337.jpg,b00337.jpg,same
b00338.jpg,b00338.jpg,same
b00339.jpg,b00339.jpg,same
b00340.jpg,b00340.jpg,same
b00341.jpg,b00341.jpg,same
b00342.jpg,b00342.jpg,same
b00343.jpg,b00343.jpg,same
b00344.jpg,b00344.jpg,same
b00345.jpg,b00345.jpg,same
b00346.jpg,b00346.jpg,same
b00347.jpg,b00347.jpg,same
b00348.jpg,b00348.jpg,same
b00349.jpg,b00349.jpg,same
b00350.jpg,b00350.jpg,same
b00351.jpg,b00351.jpg,same
b00352.jpg,b00352.jpg,same
b00353.jpg,b00353.jpg,same
b00354.jpg,b00354.jpg,same
b00355.jpg,b00355.jpg,same
b00356.jpg,b00356.jpg,same
b00357.jpg,b00357.jpg,same
b00358.jpg,b00358.jpg,same
b00359.jpg,b00359.jpg,same
b00360.jpg,b00360.jpg,same
b00361.jpg,b00361.jpg,same
b00362.jpg,b00362.jpg,same
b00363.jpg,b00363.jpg,same
b00364.jpg,b00364.jpg,same
b00365.jpg,b00365.jpg,same
b00366.jpg,b00366.jpg,same
b00367.jpg,b00367.jpg,same
b00368.jpg,b00368.jpg,same
b00369.jpg,b00369.jpg,same
b00370.jpg,b00370.jpg,same
b00371.jpg,b00371.jpg,same
b00372.jpg,b00372.jpg,same
b00373.jpg,b00373.jpg,same
b00374.jpg,b00374.jpg,same
b00375.jpg,b00375.jpg,same
b00376.jpg,b00376.jpg,same
b00377.jpg,b00377.jpg,same
b00378.jpg,b00378.jpg,same
b00379.jpg,b00379.jpg,same
b00380.jpg,b00380.jpg,same
b00381.jpg,b00381.jpg,same
b00382.jpg,b00382.jpg,same
b00383.jpg,b00383.jpg,same
b00384.jpg,b00384.jpg,same
b00385.jpg,b00385.jpg,same
b00386.jpg,b00386.jpg,same
b00387.jpg,b00387.jpg,same
b00388.jpg,b00388.jpg,same
b00389.jpg,b00389.jpg,same
b00390.jpg,b00390.jpg,same
b00391.jpg,b00391.jpg,same
b00392.jpg,b00392.jpg,same
b00393.jpg,b00393.jpg,same
b00394.jpg,b00394.jpg,same
b00395.jpg,b00395.jpg,same
b00396.jpg,b00396.jpg,same
b00397.jpg,b00397.jpg,same
b00398.jpg,b00398.jpg,same
b00399.jpg,b00399.jpg,same
b00400.jpg,b00400.jpg,same
b00401.jpg,b00401.jpg,same
b00402.jpg,b00402.jpg,same
b00403.jpg,b00403.jpg,same
b00404.jpg,b00404.jpg,same
b00405.jpg,b00405.jpg,same
b00406.jpg,b00406.jpg,same
b00407.jpg,b00407.jpg,same
b00408.jpg,b00408.jpg,same
b00409.jpg,b00409.jpg,same
b00410.jpg,b00410.jpg,same
b00411.jpg,b00411.jpg,same
b00412.jpg,b00412.jpg,same
b00413.jpg,b00413.jpg,same
b00414.jpg,b00414.jpg,same
b00415.jpg,b00415.jpg,same
b00416.jpg,b00416.jpg,same
b00417.jpg,b00417.jpg,same
b00418.jpg,b00418.jpg,same
b00419.jpg,b00419.jpg,same
b00420.jpg,b00420.jpg,same
b00421.jpg,b00421.jpg,same
b00422.jpg,b00422.jpg,same
b00423.jpg,b00423.jpg,same
b00424.jpg,b00424.jpg,same
b00425.jpg,b00425.jpg,same
b00426.jpg,b00426.jpg,same
b00427.jpg,b00427.jpg,same
b00428.jpg,b00428.jpg,same
b00429.jpg,b00429.jpg,same
b00430.jpg,b00430.jpg,same
b00431.jpg,b00431.jpg,same
b00432.jpg,b00432.jpg,same
b00433.jpg,b00433.jpg,same
b00434.jpg,b00434.jpg,same
b00435.jpg,b00435.jpg,same
b00436.jpg,b00436.jpg,same
b00437.jpg,b00437.jpg,same
b00438.jpg,b00438.jpg,same
b00439.jpg,b00439.jpg,same
b00440.jpg,b00440.jpg,same
b00441.jpg,b00441.jpg,same
b00442.jpg,b00442.jpg,same
b00443.jpg,b00443.jpg,same
b00444.jpg,b00444.jpg,same
b00445.jpg,b00445.jpg,same
b00446.jpg,b00446.jpg,same
b00447.jpg,b00447.jpg,same
b00448.jpg,b00448.jpg,same
b00449.jpg,b00449.jpg,same
b00450.jpg,b00450.jpg,same
b00451.jpg,b00451.jpg,same
b00452.jpg,b00452.jpg,same
b00453.jpg,b00453.jpg,same
b00454.jpg,b00454.jpg,same
b00455.jpg,b00455.jpg,same
b00456.jpg,b00456.jpg,same
b00457.jpg,b00457.jpg,same
b00458.jpg,b00458.jpg,same
b00459.jpg,b00459.jpg,same
b00460.jpg,b00460.jpg,same
b00461.jpg,b00461.jpg,same
b00462.jpg,b00462.jpg,same
b00463.jpg,b00463.jpg,same
b00464.jpg,b00464.jpg,same
b00465.jpg,b00465.jpg,same
b00466.jpg,b00466.jpg,same
b00467.jpg,b00467.jpg,same
b00468.jpg,b00468.jpg,same
b00469.jpg,b00469.jpg,same
b00470.jpg,b00470.jpg,same
b00471.jpg,b00471.jpg,same
b00472.jpg,b00472.jpg,same
b00473.jpg,b00473.jpg,same
b00474.jpg,b00474.jpg,same
b00475.jpg,b00475.jpg,same
b00476.jpg,b00476.jpg,same
b00477.jpg,b00477.jpg,same
b00478.jpg,b00478.jpg,same
b00479.jpg,b00479.jpg,same
b00480.jpg,b00480.jpg,same
b00481.jpg,b00481.jpg,same
b00482.jpg,b00482.jpg,same
b00483.jpg,b00483.jpg,same
b00484.jpg,b00484.jpg,same
b00485.jpg,b00485.jpg,same
b00486.jpg,b00486.jpg,same
b00487.jpg,b00487.jpg,same
b00488.jpg,b00488.jpg,same
b00489.jpg,b00489.jpg,same
b00490.jpg,b00490.jpg,same
b00491.jpg,b00491.jpg,same
b00492.jpg,b00492.jpg,same
b00493.jpg,b00493.jpg,same
b00494.jpg,b00494.jpg,same
b00495.jpg,b00495.jpg,same
b00496.jpg,b00496.jpg,same
b00497.jpg,b00497.jpg,same
b00498.jpg,b00498.jpg,same
b00499.jpg,b00499.jpg,same
b00500.jpg,b00500.jpg,same
b00501.jpg,b00501.jpg,same
b00502.jpg,b00502.jpg,same
b00503.jpg,b00503.jpg,same
b00504.jpg,b00504.jpg,same
b00505.jpg,b00505.jpg,same
b00506.jpg,b00506.jpg,same
b00507.jpg,b00507.jpg,same
b00508.jpg,b00508.jpg,same
b00509.jpg,b00509.jpg,same
b00510.jpg,b00510.jpg,same
b00511.jpg,b00511.jpg,same
b00512.jpg,b00512.jpg,same
b00513.jpg,b00513.jpg,same
b00514.jpg,b00514.jpg,same
b00515.jpg,b00515.jpg,same
b00516.jpg,b00516.jpg,same
b00517.jpg,b00517.jpg,same
b00518.jpg,b00518.jpg,same
b00519.jpg,b00519.jpg,same
b00520.jpg,b00520.jpg,same
b00521.jpg,b00521.jpg,same
b00522.jpg,b00522.jpg,same
b00523.jpg,b00523.jpg,same
b00524.jpg,b00524.jpg,same
b00525.jpg,b00525.jpg,same
b00526.jpg,b00526.jpg,same
b00527.jpg,b00527.jpg,same
b00528.jpg,b00528.jpg,same
b00529.jpg,b00529.jpg,same
b00530.jpg,b00530.jpg,same
b00531.jpg,b00531.jpg,same
b00532.jpg,b00532.jpg,same
b00533.jpg,b00533.jpg,same
b00534.jpg,b00534.jpg,same
b00535.jpg,b00535.jpg,same
b00536.jpg,b00536.jpg,same
b00537.jpg,b00537.jpg,same
b00538.jpg,b00538.jpg,same
b00539.jpg,b00539.jpg,same
b00540.jpg,b00540.jpg,same
b00541.jpg,b00541.jpg,same
b00542.jpg,b00542.jpg,same
b00543.jpg,b00543.jpg,same
b00544.jpg,b00544.jpg,same
b00545.jpg,b00545.jpg,same
b00546.jpg,b00546.jpg,same
b00547.jpg,b00547.jpg,same
b00548.jpg,b00548.jpg,same
b00549.jpg,b00549.jpg,same
b00550.jpg,b00550.jpg,same
b00551.jpg,b00551.jpg,same
b00552.jpg,b00552.jpg,same
b00553.jpg,b00553.jpg,same
b00554.jpg,b00554.jpg,same
b00555.jpg,b00555.jpg,same
b00556.jpg,b00556.jpg,same
b00557.jpg,b00557.jpg,same
b00558.jpg,b00558.jpg,same
b00559.jpg,b00559.jpg,same
b00560.jpg,b00560.jpg,same
b00561.jpg,b00561.jpg,same
b00562.jpg,b00562.jpg,same
b00563.jpg,b00563.jpg,same
b00564.jpg,b00564.jpg,same
b00565.jpg,b00565.jpg,same
b00566.jpg,b00566.jpg,same
b00567.jpg,b00567.jpg,same
b00568.jpg,b00568.jpg,same
b00569.jpg,b00569.jpg,same
b00570.jpg,b00570.jpg,same
b00571.jpg,b00571.jpg,same
b00572.jpg,b00572.jpg,same
b00573.jpg,b00573.jpg,same
b00574.jpg,b00574.jpg,same
b00575.jpg,b00575.jpg,same
b00576.jpg,b00576.jpg,same
b00577.jpg,b00577.jpg,same
b00578.jpg,b00578.jpg,same
b00579.jpg,b00579.jpg,same
b00580.jpg,b00580.jpg,same
b00581.jpg,b00581.jpg,same
b00582.jpg,b00582.jpg,same
b00583.jpg,b00583.jpg,same
b00584.jpg,b00584.jpg,same
b00585.jpg,b00585.jpg,same
b00586.jpg,b00586.jpg,same
b00587.jpg,b00587.jpg,same
b00588.jpg,b00588.jpg,same
b00589.jpg,b00589.jpg,same
b00590.jpg,b00590.jpg,same
b00591.jpg,b00591.jpg,same
b00592.jpg,b00592.jpg,same
b00593.jpg,b00593.jpg,same
b00594.jpg,b00594.jpg,same
b00595.jpg,b00595.jpg,same
b00596.jpg,b00596.jpg,same
b00597.jpg,b00597.jpg,same
b00598.jpg,b00598.jpg,same
b00599.jpg,b00599.jpg,same
b00600.jpg,b00600.jpg,same
b00601.jpg,b00601.jpg,same
b00602.jpg,b00602.jpg,same
b00603.jpg,b00603.jpg,same
b00604.jpg,b00604.jpg,same
b00605.jpg,b00605.jpg,same
b00606.jpg,b00606.jpg,same
b00607.jpg,b00607.jpg,same
b00608.jpg,b00608.jpg,same
b00609.jpg,b00609.jpg,same
b00610.jpg,b00610.jpg,same
b00611.jpg,b00611.jpg,same
b00612.jpg,b00612.jpg,same
b00613.jpg,b00613.jpg,same
b00614.jpg,b00614.jpg,same
b00615.jpg,b00615.jpg,same
b00616.jpg,b00616.jpg,same
b00617.jpg,b00617.jpg,same
b00618.jpg,b00618.jpg,same
b00619.jpg,b00619.jpg,same
b00620.jpg,b00620.jpg,same
b00621.jpg,b00621.jpg,same
b00622.jpg,b00622.jpg,same
b00623.jpg,b00623.jpg,same
b00624.jpg,b00624.jpg,same
b00625.jpg,b00625.jpg,same
b00626.jpg,b00626.jpg,same
b00627.jpg,b00627.jpg,same
b00628.jpg,b00628.jpg,same
b00629.jpg,b00629.jpg,same
b00630.jpg,b00630.jpg,same
b00631.jpg,b00631.jpg,same
b00632.jpg,b00632.jpg,same
b00633.jpg,b00633.jpg,same
b00634.jpg,b00634.jpg,same
b00635.jpg,b00635.jpg,same
b00636.jpg,b00636.jpg,same
b00637.jpg,b00637.jpg,same
b00638.jpg,b00638.jpg,same
b00639.jpg,b00639.jpg,same
b00640.jpg,b00640.jpg,same
b00641.jpg,b00641.jpg,same
b00642.jpg,b00642.jpg,same
b00643.jpg,b00643.jpg,same
b00644.jpg,b00644.jpg,same
b00645.jpg,b00645.jpg,same
b00646.jpg,b00646.jpg,same
b00647.jpg,b00647.jpg,same
b00648.jpg,b00648.jpg,same
b00649.jpg,b00649.jpg,same
b00650.jpg,b00650.jpg,same
b00651.jpg,b00651.jpg,same
b00652.jpg,b00652.jpg,same
b00653.jpg,b00653.jpg,same
b00654.jpg,b00654.jpg,same
b00655.jpg,b00655.jpg,same
b00656.jpg,b00656.jpg,same
b00657.jpg,b00657.jpg,same
b00658.jpg,b00658.jpg,same
b00659.jpg,b00659.jpg,same
b00660.jpg,b00660.jpg,same
b00661.jpg,b00661.jpg,same
b00662.jpg,b00662.jpg,same
b00663.jpg,b00663.jpg,same
b00664.jpg,b00664.jpg,same
b00665.jpg,b00665.jpg,same
b00666.jpg,b00666.jpg,same
b00667.jpg,b00667.jpg,same
b00668.jpg,b00668.jpg,same
b00669.jpg,b00669.jpg,same
b00670.jpg,b00670.jpg,same
b00671.jpg,b00671.jpg,same
b00672.jpg,b00672.jpg,same
b00673.jpg,b00673.jpg,same
b00674.jpg,b00674.jpg,same
b00675.jpg,b00675.jpg,same
b00676.jpg,b00676.jpg,same
b00677.jpg,b00677.jpg,same
b00678.jpg,b00678.jpg,same
b00679.jpg,b00679.jpg,same
b00680.jpg,b00680.jpg,same
b00681.jpg,b00681.jpg,same
b00682.jpg,b00682.jpg,same
b00683.jpg,b00683.jpg,same
b00684.jpg,b00684.jpg,same
b00685.jpg,b00685.jpg,same
b00686.jpg,b00686.jpg,same
b00687.jpg,b00687.jpg,same
b00688.jpg,b00688.jpg,same
b00689.jpg,b00689.jpg,same
b00690.jpg,b00690.jpg,same
b00691.jpg,b00691.jpg,same
b00692.jpg,b00692.jpg,same
b00693.jpg,b00693.jpg,same
b00694.jpg,b00694.jpg,same
b00695.jpg,b00695.jpg,same
b00696.jpg,b00696.jpg,same
b00697.jpg,b00697.jpg,same
b00698.jpg,b00698.jpg,same
b00699.jpg,b00699.jpg,same
b00700.jpg,b00700.jpg,same
b00701.jpg,b00701.jpg,same
b00702.jpg,b00702.jpg,same
b00703.jpg,b00703.jpg,same
b00704.jpg,b00704.jpg,same
b00705.jpg,b00705.jpg,same
b00706.jpg,b00706.jpg,same
b00707.jpg,b00707.jpg,same
b00708.jpg,b00708.jpg,same
b00709.jpg,b00709.jpg,same
b00710.jpg,b00710.jpg,same
b00711.jpg,b00711.jpg,same
b00712.jpg,b00712.jpg,same
b00713.jpg,b00713.jpg,same
b00714.jpg,b00714.jpg,same
b00715.jpg,b00715.jpg,same
b00716.jpg,b00716.jpg,same
b00717.jpg,b00717.jpg,same
b00718.jpg,b00718.jpg,same
b00719.jpg,b00719.jpg,same
b00720.jpg,b00720.jpg,same
b00721.jpg,b00721.jpg,same
b00722.jpg,b00722.jpg,same
b00723.jpg,b00723.jpg,same
b00724.jpg,b00724.jpg,same
b00725.jpg,b00725.jpg,same
b00726.jpg,b00726.jpg,same
b00727.jpg,b00727.jpg,same
b00728.jpg,b00728.jpg,same
b00729.jpg,b00729.jpg,same
b00730.jpg,b00730.jpg,same
b00731.jpg,b00731.jpg,same
b00732.jpg,b00732.jpg,same
b00733.jpg,b00733.jpg,same
b00734.jpg,b00734.jpg,same
b00735.jpg,b00735.jpg,same
b00736.jpg,b00736.jpg,same
b00737.jpg,b00737.jpg,same
b00738.jpg,b00738.jpg,same
b00739.jpg,b00739.jpg,same
b00740.jpg,b00740.jpg,same
b00741.jpg,b00741.jpg,same
b00742.jpg,b00742.jpg,same
b00743.jpg,b00743.jpg,same
b00744.jpg,b00744.jpg,same
b00745.jpg,b00745.jpg,same
b00746.jpg,b00746.jpg,same
b00747.jpg,b00747.jpg,same
b00748.jpg,b00748.jpg,same
b00749.jpg,b00749.jpg,same
b00750.jpg,b00750.jpg,same
b00751.jpg,b00751.jpg,same
b00752.jpg,b00752.jpg,same
b00753.jpg,b00753.jpg,same
b00754.jpg,b00754.jpg,same
b00755.jpg,b00755.jpg,same
b00756.jpg,b00756.jpg,same
b00757.jpg,b00757.jpg,same
b00758.jpg,b00758.jpg,same
b00759.jpg,b00759.jpg,same
b00760.jpg,b00760.jpg,same
b00761.jpg,b00761.jpg,same
b00762.jpg,b00762.jpg,same
b00763.jpg,b00763.jpg,same
b00764.jpg,b00764.jpg,same
b00765.jpg,b00765.jpg,same
b00766.jpg,b00766.jpg,same
b00767.jpg,b00767.jpg,same
b00768.jpg,b00768.jpg,same
b00769.jpg,b00769.jpg,same
b00770.jpg,b00770.jpg,same
b00771.jpg,b00771.jpg,same
b00772.jpg,b00772.jpg,same
b00773.jpg,b00773.jpg,same
b00774.jpg,b00774.jpg,same
b00775.jpg,b00775.jpg,same
b00776.jpg,b00776.jpg,same
b00777.jpg,b00777.jpg,same
b00778.jpg,b00778.jpg,same
b00779.jpg,b00779.jpg,same
b00780.jpg,b00780.jpg,same
b00781.jpg,b00781.jpg,same
b00782.jpg,b00782.jpg,same
b00783.jpg,b00783.jpg,same
b00784.jpg,b00784.jpg,same
b00785.jpg,b00785.jpg,same
b00786.jpg,b00786.jpg,same
b00787.jpg,b00787.jpg,same
b00788.jpg,b00788.jpg,same
b00789.jpg,b00789.jpg,same
b00790.jpg,b00790.jpg,same
b00791.jpg,b00791.jpg,same
b00792.jpg,b00792.jpg,same
b00793.jpg,b00793.jpg,same
b00794.jpg,b00794.jpg,same
b00795.jpg,b00795.jpg,same
b00796.jpg,b00796.jpg,same
b00797.jpg,b00797.jpg,same
b00798.jpg,b00798.jpg,same
b00799.jpg,b00799.jpg,same
b00800.jpg,b00800.jpg,same
b00801.jpg,b00801.jpg,same
b00802.jpg,b00802.jpg,same
b00803.jpg,b00803.jpg,same
b00804.jpg,b00804.jpg,same
b00805.jpg,b00805.jpg,same
b00806.jpg,b00806.jpg,same
b00807.jpg,b00807.jpg,same
b00808.jpg,b00808.jpg,same
b00809.jpg,b00809.jpg,same
b00810.jpg,b00810.jpg,same
b00811.jpg,b00811.jpg,same
b00812.jpg,b00812.jpg,same
b00813.jpg,b00813.jpg,same
b00814.jpg,b00814.jpg,same
b00815.jpg,b00815.jpg,same
b00816.jpg,b00816.jpg,same
b00817.jpg,b00817.jpg,same
b00818.jpg,b00818.jpg,same
b00819.jpg,b00819.jpg,same
b00820.jpg,b00820.jpg,same
b00821.jpg,b00821.jpg,same
b00822.jpg,b00822.jpg,same
b00823.jpg,b00823.jpg,same
b00824.jpg,b00824.jpg,same
b00825.jpg,b00825.jpg,same
b00826.jpg,b00826.jpg,same
b00827.jpg,b00827.jpg,same
b00828.jpg,b00828.jpg,same
b00829.jpg,b00829.jpg,same
b00830.jpg,b00830.jpg,same
b00831.jpg,b00831.jpg,same
b00832.jpg,b00832.jpg,same
b00833.jpg,b00833.jpg,same
b00834.jpg,b00834.jpg,same
b00835.jpg,b00835.jpg,same
b00836.jpg,b00836.jpg,same
b00837.jpg,b00837.jpg,same
b00838.jpg,b00838.jpg,same
b00839.jpg,b00839.jpg,same
b00840.jpg,b00840.jpg,same
b00841.jpg,b00841.jpg,same
b00842.jpg,b00842.jpg,same
b00843.jpg,b00843.jpg,same
b00844.jpg,b00844.jpg,same
b00845.jpg,b00845.jpg,same
b00846.jpg,b00846.jpg,same
b00847.jpg,b00847.jpg,same
b00848.jpg,b00848.jpg,same
b00849.jpg,b00849.jpg,same
b00850.jpg,b00850.jpg,same
b00851.jpg,b00851.jpg,same
b00852.jpg,b00852.jpg,same
b00853.jpg,b00853.jpg,same
b00854.jpg,b00854.jpg,same
b00855.jpg,b00855.jpg,same
b00856.jpg,b00856.jpg,same
b00857.jpg,b00857.jpg,same
b00858.jpg,b00858.jpg,same
b00859.jpg,b00859.jpg,same
b00860.jpg,b00860.jpg,same
b00861.jpg,b00861.jpg,same
b00862.jpg,b00862.jpg,same
b00863.jpg,b00863.jpg,same
b00864.jpg,b00864.jpg,same
b00865.jpg,b00865.jpg,same
b00866.jpg,b00866.jpg,same
b00867.jpg,b00867.jpg,same
b00868.jpg,b00868.jpg,same
b00869.jpg,b00869.jpg,same
b00870.jpg,b00870.jpg,same
b00871.jpg,b00871.jpg,same
b00872.jpg,b00872.jpg,same
b00873.jpg,b00873.jpg,same
b00874.jpg,b00874.jpg,same
b00875.jpg,b00875.jpg,same
b00876.jpg,b00876.jpg,same
b00877.jpg,b00877.jpg,same
b00878.jpg,b00878.jpg,same
b00879.jpg,b00879.jpg,same
b00880.jpg,b00880.jpg,same
b00881.jpg,b00881.jpg,same
b00882.jpg,b00882.jpg,same
b00883.jpg,b00883.jpg,same
b00884.jpg,b00884.jpg,same
b00885.jpg,b00885.jpg,same
b00886.jpg,b00886.jpg,same
b00887.jpg,b00887.jpg,same
b00888.jpg,b00888.jpg,same
b00889.jpg,b00889.jpg,same
b00890.jpg,b00890.jpg,same
b00891.jpg,b00891.jpg,same
b00892.jpg,b00892.jpg,same
b00893.jpg,b00893.jpg,same
b00894.jpg,b00894.jpg,same
b00895.jpg,b00895.jpg,same
b00896.jpg,b00896.jpg,same
b00897.jpg,b00897.jpg,same
b00898.jpg,b00898.jpg,same
b00899.jpg,b00899.jpg,same
b00900.jpg,b00900.jpg,same
b00901.jpg,b00901.jpg,same
b00902.jpg,b00902.jpg,same
b00903.jpg,b00903.jpg,same
b00904.jpg,b00904.jpg,same
b00905.jpg,b00905.jpg,same
b00906.jpg,b00906.jpg,same
b00907.jpg,b00907.jpg,same
b00908.jpg,b00908.jpg,same
b00909.jpg,b00909.jpg,same
b00910.jpg,b00910.jpg,same
b00911.jpg,b00911.jpg,same
b00912.jpg,b00912.jpg,same
b00913.jpg,b00913.jpg,same
b00914.jpg,b00914.jpg,same
b00915.jpg,b00915.jpg,same
b00916.jpg,b00916.jpg,same
b00917.jpg,b00917.jpg,same
b00918.jpg,b00918.jpg,same
b00919.jpg,b00919.jpg,same
b00920.jpg,b00920.jpg,same
b00921.jpg,b00921.jpg,same
b00922.jpg,b00922.jpg,same
b00923.jpg,b00923.jpg,same
b00924.jpg,b00924.jpg,same
b00925.jpg,b00925.jpg,same
b00926.jpg,b00926.jpg,same
b00927.jpg,b00927.jpg,same
b00928.jpg,b00928.jpg,same
b00929.jpg,b00929.jpg,same
b00930.jpg,b00930.jpg,same
b00931.jpg,b00931.jpg,same
b00932.jpg,b00932.jpg,same
b00933.jpg,b00933.jpg,same
b00934.jpg,b00934.jpg,same
b00935.jpg,b00935.jpg,same
b00936.jpg,b00936.jpg,same
b00937.jpg,b00937.jpg,same
b00938.jpg,b00938.jpg,same
b00939.jpg,b00939.jpg,same
b00940.jpg,b00940.jpg,same
b00941.jpg,b00941.jpg,same
b00942.jpg,b00942.jpg,same
b00943.jpg,b00943.jpg,same
b00944.jpg,b00944.jpg,same
b00945.jpg,b00945.jpg,same
b00946.jpg,b00946.jpg,same
b00947.jpg,b00947.jpg,same
b00948.jpg,b00948.jpg,same
b00949.jpg,b00949.jpg,same
b00950.jpg,b00950.jpg,same
b00951.jpg,b00951.jpg,same
b00952.jpg,b00952.jpg,same
b00953.jpg,b00953.jpg,same
b00954.jpg,b00954.jpg,same
b00955.jpg,b00955.jpg,same
b00956.jpg,b00956.jpg,same
b00957.jpg,b00957.jpg,same
b00958.jpg,b00958.jpg,same
b00959.jpg,b00959.jpg,same
b00960.jpg,b00960.jpg,same
b00961.jpg,b00961.jpg,same
b00962.jpg,b00962.jpg,same
b00963.jpg,b00963.jpg,same
b00964.jpg,b00964.jpg,same
b00965.jpg,b00965.jpg,same
b00966.jpg,b00966.jpg,same
b00967.jpg,b00967.jpg,same
b00968.jpg,b00968.jpg,same
b00969.jpg,b00969.jpg,same
b00970.jpg,b00970.jpg,same
b00971.jpg,b00971.jpg,same
b00972.jpg,b00972.jpg,same
b00973.jpg,b00973.jpg,same
b00974.jpg,b00974.jpg,same
b00975.jpg,b00975.jpg,same
b00976.jpg,b00976.jpg,same
b00977.jpg,b00977.jpg,same
b00978.jpg,b00978.jpg,same
b00979.jpg,b00979.jpg,same
b00980.jpg,b00980.jpg,same
b00981.jpg,b00981.jpg,same
b00982.jpg,b00982.jpg,same
b00983.jpg,b00983.jpg,same
b00984.jpg,b00984.jpg,same
b00985.jpg,b00985.jpg,same
b00986.jpg,b00986.jpg,same
b00987.jpg,b00987.jpg,same
b00988.jpg,b00988.jpg,same
b00989.jpg,b00989.jpg,same
b00990.jpg,b00990.jpg,same
b00991.jpg,b00991.jpg,same
b00992.jpg,b00992.jpg,same
b00993.jpg,b00993.jpg,same
b00994.jpg,b00994.jpg,same
b00995.jpg,b00995.jpg,same
b00996.jpg,b00996.jpg,same
b00997.jpg,b00997.jpg,same
b00998.jpg,b00998.jpg,same
b00999.jpg,b00999.jpg,same
b01000.jpg,b01000.jpg,same
b00001.jpg,m00001.jpg,different
b00002.jpg,m00002.jpg,different
b00003.jpg,m00003.jpg,different
b00004.jpg,m00004.jpg,different
b00005.jpg,m00005.jpg,different
b00006.jpg,m00006.jpg,different
b00007.jpg,m00007.jpg,different
b00008.jpg,m00008.jpg,different
b00009.jpg,m00009.jpg,different
b00010.jpg,m00010.jpg,different
b00011.jpg,m00011.jpg,different
b00012.jpg,m00012.jpg,different
b00013.jpg,m00013.jpg,different
b00014.jpg,m00014.jpg,different
b00015.jpg,m00015.jpg,different
b00016.jpg,m00016.jpg,different
b00017.jpg,m00017.jpg,different
b00018.jpg,m00018.jpg,different
b00019.jpg,m00019.jpg,different
b00020.jpg,m00020.jpg,different
b00021.jpg,m00021.jpg,different
b00022.jpg,m00022.jpg,different
b00023.jpg,m00023.jpg,different
b00024.jpg,m00024.jpg,different
b00025.jpg,m00025.jpg,different
b00026.jpg,m00026.jpg,different
b00027.jpg,m00027.jpg,different
b00028.jpg,m00028.jpg,different
b00029.jpg,m00029.jpg,different
b00030.jpg,m00030.jpg,different
b00031.jpg,m00031.jpg,different
b00032.jpg,m00032.jpg,different
b00033.jpg,m00033.jpg,different
b00034.jpg,m00034.jpg,different
b00035.jpg,m00035.jpg,different
b00036.jpg,m00036.jpg,different
b00037.jpg,m00037.jpg,different
b00038.jpg,m00038.jpg,different
b00039.jpg,m00039.jpg,different
b00040.jpg,m00040.jpg,different
b00041.jpg,m00041.jpg,different
b00042.jpg,m00042.jpg,different
b00043.jpg,m00043.jpg,different
b00044.jpg,m00044.jpg,different
b00045.jpg,m00045.jpg,different
b00046.jpg,m00046.jpg,different
b00047.jpg,m00047.jpg,different
b00048.jpg,m00048.jpg,different
b00049.jpg,m00049.jpg,different
b00050.jpg,m00050.jpg,different
b00051.jpg,m00051.jpg,different
b00052.jpg,m00052.jpg,different
b00053.jpg,m00053.jpg,different
b00054.jpg,m00054.jpg,different
b00055.jpg,m00055.jpg,different
b00056.jpg,m00056.jpg,different
b00057.jpg,m00057.jpg,different
b00058.jpg,m00058.jpg,different
b00059.jpg,m00059.jpg,different
b00060.jpg,m00060.jpg,different
b00061.jpg,m00061.jpg,different
b00062.jpg,m00062.jpg,different
b00063.jpg,m00063.jpg,different
b00064.jpg,m00064.jpg,different
b00065.jpg,m00065.jpg,different
b00066.jpg,m00066.jpg,different
b00067.jpg,m00067.jpg,different
b00068.jpg,m00068.jpg,different
b00069.jpg,m00069.jpg,different
b00070.jpg,m00070.jpg,different
b00071.jpg,m00071.jpg,different
b00072.jpg,m00072.jpg,different
b00073.jpg,m00073.jpg,different
b00074.jpg,m00074.jpg,different
b00075.jpg,m00075.jpg,different
b00076.jpg,m00076.jpg,different
b00077.jpg,m00077.jpg,different
b00078.jpg,m00078.jpg,different
b00079.jpg,m00079.jpg,different
b00080.jpg,m00080.jpg,different
b00081.jpg,m00081.jpg,different
b00082.jpg,m00082.jpg,different
b00083.jpg,m00083.jpg,different
b00084.jpg,m00084.jpg,different
b00085.jpg,m00085.jpg,different
b00086.jpg,m00086.jpg,different
b00087.jpg,m00087.jpg,different
b00088.jpg,m00088.jpg,different
b00089.jpg,m00089.jpg,different
b00090.jpg,m00090.jpg,different
b00091.jpg,m00091.jpg,different
b00092.jpg,m00092.jpg,different
b00093.jpg,m00093.jpg,different
b00094.jpg,m00094.jpg,different
b00095.jpg,m00095.jpg,different
b00096.jpg,m00096.jpg,different
b00097.jpg,m00097.jpg,different
b00098.jpg,m00098.jpg,different
b00099.jpg,m00099.jpg,different
b00100.jpg,m00100.jpg,different
b00101.jpg,m00101.jpg,different
b00102.jpg,m00102.jpg,different
b00103.jpg,m00103.jpg,different
b00104.jpg,m00104.jpg,different
b00105.jpg,m00105.jpg,different
b00106.jpg,m00106.jpg,different
b00107.jpg,m00107.jpg,different
b00108.jpg,m00108.jpg,different
b00109.jpg,m00109.jpg,different
b00110.jpg,m00110.jpg,different
b00111.jpg,m00111.jpg,different
b00112.jpg,m00112.jpg,different
b00113.jpg,m00113.jpg,different
b00114.jpg,m00114.jpg,different
b00115.jpg,m00115.jpg,different
b00116.jpg,m00116.jpg,different
b00117.jpg,m00117.jpg,different
b00118.jpg,m00118.jpg,different
b00119.jpg,m00119.jpg,different
b00120.jpg,m00120.jpg,different
b00121.jpg,m00121.jpg,different
b00122.jpg,m00122.jpg,different
b00123.jpg,m00123.jpg,different
b00124.jpg,m00124.jpg,different
b00125.jpg,m00125.jpg,different
b00126.jpg,m00126.jpg,different
b00127.jpg,m00127.jpg,different
b00128.jpg,m00128.jpg,different
b00129.jpg,m00129.jpg,different
b00130.jpg,m00130.jpg,different
b00131.jpg,m00131.jpg,different
b00132.jpg,m00132.jpg,different
b00133.jpg,m00133.jpg,different
b00134.jpg,m00134.jpg,different
b00135.jpg,m00135.jpg,different
b00136.jpg,m00136.jpg,different
b00137.jpg,m00137.jpg,different
b00138.jpg,m00138.jpg,different
b00139.jpg,m00139.jpg,different
b00140.jpg,m00140.jpg,different
b00141.jpg,m00141.jpg,different
b00142.jpg,m00142.jpg,different
b00143.jpg,m00143.jpg,different
b00144.jpg,m00144.jpg,different
b00145.jpg,m00145.jpg,different
b00146.jpg,m00146.jpg,different
b00147.jpg,m00147.jpg,different
b00148.jpg,m00148.jpg,different
b00149.jpg,m00149.jpg,different
b00150.jpg,m00150.jpg,different
b00151.jpg,m00151.jpg,different
b00152.jpg,m00152.jpg,different
b00153.jpg,m00153.jpg,different
b00154.jpg,m00154.jpg,different
b00155.jpg,m00155.jpg,different
b00156.jpg,m00156.jpg,different
b00157.jpg,m00157.jpg,different
b00158.jpg,m00158.jpg,different
b00159.jpg,m00159.jpg,different
b00160.jpg,m00160.jpg,different
b00161.jpg,m00161.jpg,different
b00162.jpg,m00162.jpg,different
b00163.jpg,m00163.jpg,different
b00164.jpg,m00164.jpg,different
b00165.jpg,m00165.jpg,different
b00166.jpg,m00166.jpg,different
b00167.jpg,m00167.jpg,different
b00168.jpg,m00168.jpg,different
b00169.jpg,m00169.jpg,different
b00170.jpg,m00170.jpg,different
b00171.jpg,m00171.jpg,different
b00172.jpg,m00172.jpg,different
b00173.jpg,m00173.jpg,different
b00174.jpg,m00174.jpg,different
b00175.jpg,m00175.jpg,different
b00176.jpg,m00176.jpg,different
b00177.jpg,m00177.jpg,different
b00178.jpg,m00178.jpg,different
b00179.jpg,m00179.jpg,different
b00180.jpg,m00180.jpg,different
b00181.jpg,m00181.jpg,different
b00182.jpg,m00182.jpg,different
b00183.jpg,m00183.jpg,different
b00184.jpg,m00184.jpg,different
b00185.jpg,m00185.jpg,different
b00186.jpg,m00186.jpg,different
b00187.jpg,m00187.jpg,different
b00188.jpg,m00188.jpg,different
b00189.jpg,m00189.jpg,different
b00190.jpg,m00190.jpg,different
b00191.jpg,m00191.jpg,different
b00192.jpg,m00192.jpg,different
b00193.jpg,m00193.jpg,different
b00194.jpg,m00194.jpg,different
b00195.jpg,m00195.jpg,different
b00196.jpg,m00196.jpg,different
b00197.jpg,m00197.jpg,different
b00198.jpg,m00198.jpg,different
b00199.jpg,m00199.jpg,different
b00200.jpg,m00200.jpg,different
b00201.jpg,m00201.jpg,different
b00202.jpg,m00202.jpg,different
b00203.jpg,m00203.jpg,different
b00204.jpg,m00204.jpg,different
b00205.jpg,m00205.jpg,different
b00206.jpg,m00206.jpg,different
b00207.jpg,m00207.jpg,different
b00208.jpg,m00208.jpg,different
b00209.jpg,m00209.jpg,different
b00210.jpg,m00210.jpg,different
b00211.jpg,m00211.jpg,different
b00212.jpg,m00212.jpg,different
b00213.jpg,m00213.jpg,different
b00214.jpg,m00214.jpg,different
b00215.jpg,m00215.jpg,different
b00216.jpg,m00216.jpg,different
b00217.jpg,m00217.jpg,different
b00218.jpg,m00218.jpg,different
b00219.jpg,m00219.jpg,different
b00220.jpg,m00220.jpg,different
b00221.jpg,m00221.jpg,different
b00222.jpg,m00222.jpg,different
b00223.jpg,m00223.jpg,different
b00224.jpg,m00224.jpg,different
b00225.jpg,m00225.jpg,different
b00226.jpg,m00226.jpg,different
b00227.jpg,m00227.jpg,different
b00228.jpg,m00228.jpg,different
b00229.jpg,m00229.jpg,different
b00230.jpg,m00230.jpg,different
b00231.jpg,m00231.jpg,different
b00232.jpg,m00232.jpg,different
b00233.jpg,m00233.jpg,different
b00234.jpg,m00234.jpg,different
b00235.jpg,m00235.jpg,different
b00236.jpg,m00236.jpg,different
b00237.jpg,m00237.jpg,different
b00238.jpg,m00238.jpg,different
b00239.jpg,m00239.jpg,different
b00240.jpg,m00240.jpg,different
b00241.jpg,m00241.jpg,different
b00242.jpg,m00242.jpg,different
b00243.jpg,m00243.jpg,different
b00244.jpg,m00244.jpg,different
b00245.jpg,m00245.jpg,different
b00246.jpg,m00246.jpg,different
b00247.jpg,m00247.jpg,different
b00248.jpg,m00248.jpg,different
b00249.jpg,m00249.jpg,different
b00250.jpg,m00250.jpg,different
b00251.jpg,m00251.jpg,different
b00252.jpg,m00252.jpg,different
b00253.jpg,m00253.jpg,different
b00254.jpg,m00254.jpg,different
b00255.jpg,m00255.jpg,different
b00256.jpg,m00256.jpg,different
b00257.jpg,m00257.jpg,different
b00258.jpg,m00258.jpg,different
b00259.jpg,m00259.jpg,different
b00260.jpg,m00260.jpg,different
b00261.jpg,m00261.jpg,different
b00262.jpg,m00262.jpg,different
b00263.jpg,m00263.jpg,different
b00264.jpg,m00264.jpg,different
b00265.jpg,m00265.jpg,different
b00266.jpg,m00266.jpg,different
b00267.jpg,m00267.jpg,different
b00268.jpg,m00268.jpg,different
b00269.jpg,m00269.jpg,different
b00270.jpg,m00270.jpg,different
b00271.jpg,m00271.jpg,different
b00272.jpg,m00272.jpg,different
b00273.jpg,m00273.jpg,different
b00274.jpg,m00274.jpg,different
b00275.jpg,m00275.jpg,different
b00276.jpg,m00276.jpg,different
b00277.jpg,m00277.jpg,different
b00278.jpg,m00278.jpg,different
b00279.jpg,m00279.jpg,different
b00280.jpg,m00280.jpg,different
b00281.jpg,m00281.jpg,different
b00282.jpg,m00282.jpg,different
b00283.jpg,m00283.jpg,different
b00284.jpg,m00284.jpg,different
b00285.jpg,m00285.jpg,different
b00286.jpg,m00286.jpg,different
b00287.jpg,m00287.jpg,different
b00288.jpg,m00288.jpg,different
b00289.jpg,m00289.jpg,different
b00290.jpg,m00290.jpg,different
b00291.jpg,m00291.jpg,different
b00292.jpg,m00292.jpg,different
b00293.jpg,m00293.jpg,different
b00294.jpg,m00294.jpg,different
b00295.jpg,m00295.jpg,different
b00296.jpg,m00296.jpg,different
b00297.jpg,m00297.jpg,different
b00298.jpg,m00298.jpg,different
b00299.jpg,m00299.jpg,different
b00300.jpg,m00300.jpg,different
b00301.jpg,m00301.jpg,different
b00302.jpg,m00302.jpg,different
b00303.jpg,m00303.jpg,different
b00304.jpg,m00304.jpg,different
b00305.jpg,m00305.jpg,different
b00306.jpg,m00306.jpg,different
b00307.jpg,m00307.jpg,different
b00308.jpg,m00308.jpg,different
b00309.jpg,m00309.jpg,different
b00310.jpg,m00310.jpg,different
b00311.jpg,m00311.jpg,different
b00312.jpg,m00312.jpg,different
b00313.jpg,m00313.jpg,different
b00314.jpg,m00314.jpg,different
b00315.jpg,m00315.jpg,different
b00316.jpg,m00316.jpg,different
b00317.jpg,m00317.jpg,different
b00318.jpg,m00318.jpg,different
b00319.jpg,m00319.jpg,different
b00320.jpg,m00320.jpg,different
b00321.jpg,m00321.jpg,different
b00322.jpg,m00322.jpg,different
b00323.jpg,m00323.jpg,different
b00324.jpg,m00324.jpg,different
b00325.jpg,m00325.jpg,different
b00326.jpg,m00326.jpg,different
b00327.jpg,m00327.jpg,different
b00328.jpg,m00328.jpg,different
b00329.jpg,m00329.jpg,different
b00330.jpg,m00330.jpg,different
b00331.jpg,m00331.jpg,different
b00332.jpg,m00332.jpg,different
b00333.jpg,m00333.jpg,different
b00334.jpg,m00334.jpg,different
b00335.jpg,m00335.jpg,different
b00336.jpg,m00336.jpg,different
b00337.jpg,m00337.jpg,different
b00338.jpg,m00338.jpg,different
b00339.jpg,m00339.jpg,different
b00340.jpg,m00340.jpg,different
b00341.jpg,m00341.jpg,different
b00342.jpg,m00342.jpg,different
b00343.jpg,m00343.jpg,different
b00344.jpg,m00344.jpg,different
b00345.jpg,m00345.jpg,different
b00346.jpg,m00346.jpg,different
b00347.jpg,m00347.jpg,different
b00348.jpg,m00348.jpg,different
b00349.jpg,m00349.jpg,different
b00350.jpg,m00350.jpg,different
b00351.jpg,m00351.jpg,different
b00352.jpg,m00352.jpg,different
b00353.jpg,m00353.jpg,different
b00354.jpg,m00354.jpg,different
b00355.jpg,m00355.jpg,different
b00356.jpg,m00356.jpg,different
b00357.jpg,m00357.jpg,different
b00358.jpg,m00358.jpg,different
b00359.jpg,m00359.jpg,different
b00360.jpg,m00360.jpg,different
b00361.jpg,m00361.jpg,different
b00362.jpg,m00362.jpg,different
b00363.jpg,m00363.jpg,different
b00364.jpg,m00364.jpg,different
b00365.jpg,m00365.jpg,different
b00366.jpg,m00366.jpg,different
b00367.jpg,m00367.jpg,different
b00368.jpg,m00368.jpg,different
b00369.jpg,m00369.jpg,different
b00370.jpg,m00370.jpg,different
b00371.jpg,m00371.jpg,different
b00372.jpg,m00372.jpg,different
b00373.jpg,m00373.jpg,different
b00374.jpg,m00374.jpg,different
b00375.jpg,m00375.jpg,different
b00376.jpg,m00376.jpg,different
b00377.jpg,m00377.jpg,different
b00378.jpg,m00378.jpg,different
b00379.jpg,m00379.jpg,different
b00380.jpg,m00380.jpg,different
b00381.jpg,m00381.jpg,different
b00382.jpg,m00382.jpg,different
b00383.jpg,m00383.jpg,different
b00384.jpg,m00384.jpg,different
b00385.jpg,m00385.jpg,different
b00386.jpg,m00386.jpg,different
b00387.jpg,m00387.jpg,different
b00388.jpg,m00388.jpg,different
b00389.jpg,m00389.jpg,different
b00390.jpg,m00390.jpg,different
b00391.jpg,m00391.jpg,different
b00392.jpg,m00392.jpg,different
b00393.jpg,m00393.jpg,different
b00394.jpg,m00394.jpg,different
b00395.jpg,m00395.jpg,different
b00396.jpg,m00396.jpg,different
b00397.jpg,m00397.jpg,different
b00398.jpg,m00398.jpg,different
b00399.jpg,m00399.jpg,different
b00400.jpg,m00400.jpg,different
b00401.jpg,m00401.jpg,different
b00402.jpg,m00402.jpg,different
b00403.jpg,m00403.jpg,different
b00404.jpg,m00404.jpg,different
b00405.jpg,m00405.jpg,different
b00406.jpg,m00406.jpg,different
b00407.jpg,m00407.jpg,different
b00408.jpg,m00408.jpg,different
b00409.jpg,m00409.jpg,different
b00410.jpg,m00410.jpg,different
b00411.jpg,m00411.jpg,different
b00412.jpg,m00412.jpg,different
b00413.jpg,m00413.jpg,different
b00414.jpg,m00414.jpg,different
b00415.jpg,m00415.jpg,different
b00416.jpg,m00416.jpg,different
b00417.jpg,m00417.jpg,different
b00418.jpg,m00418.jpg,different
b00419.jpg,m00419.jpg,different
b00420.jpg,m00420.jpg,different
b00421.jpg,m00421.jpg,different
b00422.jpg,m00422.jpg,different
b00423.jpg,m00423.jpg,different
b00424.jpg,m00424.jpg,different
b00425.jpg,m00425.jpg,different
b00426.jpg,m00426.jpg,different
b00427.jpg,m00427.jpg,different
b00428.jpg,m00428.jpg,different
b00429.jpg,m00429.jpg,different
b00430.jpg,m00430.jpg,different
b00431.jpg,m00431.jpg,different
b00432.jpg,m00432.jpg,different
b00433.jpg,m00433.jpg,different
b00434.jpg,m00434.jpg,different
b00435.jpg,m00435.jpg,different
b00436.jpg,m00436.jpg,different
b00437.jpg,m00437.jpg,different
b00438.jpg,m00438.jpg,different
b00439.jpg,m00439.jpg,different
b00440.jpg,m00440.jpg,different
b00441.jpg,m00441.jpg,different
b00442.jpg,m00442.jpg,different
b00443.jpg,m00443.jpg,different
b00444.jpg,m00444.jpg,different
b00445.jpg,m00445.jpg,different
b00446.jpg,m00446.jpg,different
b00447.jpg,m00447.jpg,different
b00448.jpg,m00448.jpg,different
b00449.jpg,m00449.jpg,different
b00450.jpg,m00450.jpg,different
b00451.jpg,m00451.jpg,different
b00452.jpg,m00452.jpg,different
b00453.jpg,m00453.jpg,different
b00454.jpg,m00454.jpg,different
b00455.jpg,m00455.jpg,different
b00456.jpg,m00456.jpg,different
b00457.jpg,m00457.jpg,different
b00458.jpg,m00458.jpg,different
b00459.jpg,m00459.jpg,different
b00460.jpg,m00460.jpg,different
b00461.jpg,m00461.jpg,different
b00462.jpg,m00462.jpg,different
b00463.jpg,m00463.jpg,different
b00464.jpg,m00464.jpg,different
b00465.jpg,m00465.jpg,different
b00466.jpg,m00466.jpg,different
b00467.jpg,m00467.jpg,different
b00468.jpg,m00468.jpg,different
b00469.jpg,m00469.jpg,different
b00470.jpg,m00470.jpg,different
b00471.jpg,m00471.jpg,different
b00472.jpg,m00472.jpg,different
b00473.jpg,m00473.jpg,different
b00474.jpg,m00474.jpg,different
b00475.jpg,m00475.jpg,different
b00476.jpg,m00476.jpg,different
b00477.jpg,m00477.jpg,different
b00478.jpg,m00478.jpg,different
b00479.jpg,m00479.jpg,different
b00480.jpg,m00480.jpg,different
b00481.jpg,m00481.jpg,different
b00482.jpg,m00482.jpg,different
b00483.jpg,m00483.jpg,different
b00484.jpg,m00484.jpg,different
b00485.jpg,m00485.jpg,different
b00486.jpg,m00486.jpg,different
b00487.jpg,m00487.jpg,different
b00488.jpg,m00488.jpg,different
b00489.jpg,m00489.jpg,different
b00490.jpg,m00490.jpg,different
b00491.jpg,m00491.jpg,different
b00492.jpg,m00492.jpg,different
b00493.jpg,m00493.jpg,different
b00494.jpg,m00494.jpg,different
b00495.jpg,m00495.jpg,different
b00496.jpg,m00496.jpg,different
b00497.jpg,m00497.jpg,different
b00498.jpg,m00498.jpg,different
b00499.jpg,m00499.jpg,different
b00500.jpg,m00500.jpg,different
b00501.jpg,m00501.jpg,different
b00502.jpg,m00502.jpg,different
b00503.jpg,m00503.jpg,different
b00504.jpg,m00504.jpg,different
b00505.jpg,m00505.jpg,different
b00506.jpg,m00506.jpg,different
b00507.jpg,m00507.jpg,different
b00508.jpg,m00508.jpg,different
b00509.jpg,m00509.jpg,different
b00510.jpg,m00510.jpg,different
b00511.jpg,m00511.jpg,different
b00512.jpg,m00512.jpg,different
b00513.jpg,m00513.jpg,different
b00514.jpg,m00514.jpg,different
b00515.jpg,m00515.jpg,different
b00516.jpg,m00516.jpg,different
b00517.jpg,m00517.jpg,different
b00518.jpg,m00518.jpg,different
b00519.jpg,m00519.jpg,different
b00520.jpg,m00520.jpg,different
b00521.jpg,m00521.jpg,different
b00522.jpg,m00522.jpg,different
b00523.jpg,m00523.jpg,different
b00524.jpg,m00524.jpg,different
b00525.jpg,m00525.jpg,different
b00526.jpg,m00526.jpg,different
b00527.jpg,m00527.jpg,different
b00528.jpg,m00528.jpg,different
b00529.jpg,m00529.jpg,different
b00530.jpg,m00530.jpg,different
b00531.jpg,m00531.jpg,different
b00532.jpg,m00532.jpg,different
b00533.jpg,m00533.jpg,different
b00534.jpg,m00534.jpg,different
b00535.jpg,m00535.jpg,different
b00536.jpg,m00536.jpg,different
b00537.jpg,m00537.jpg,different
b00538.jpg,m00538.jpg,different
b00539.jpg,m00539.jpg,different
b00540.jpg,m00540.jpg,different
b00541.jpg,m00541.jpg,different
b00542.jpg,m00542.jpg,different
b00543.jpg,m00543.jpg,different
b00544.jpg,m00544.jpg,different
b00545.jpg,m00545.jpg,different
b00546.jpg,m00546.jpg,different
b00547.jpg,m00547.jpg,different
b00548.jpg,m00548.jpg,different
b00549.jpg,m00549.jpg,different
b00550.jpg,m00550.jpg,different
b00551.jpg,m00551.jpg,different
b00552.jpg,m00552.jpg,different
b00553.jpg,m00553.jpg,different
b00554.jpg,m00554.jpg,different
b00555.jpg,m00555.jpg,different
b00556.jpg,m00556.jpg,different
b00557.jpg,m00557.jpg,different
b00558.jpg,m00558.jpg,different
b00559.jpg,m00559.jpg,different
b00560.jpg,m00560.jpg,different
b00561.jpg,m00561.jpg,different
b00562.jpg,m00562.jpg,different
b00563.jpg,m00563.jpg,different
b00564.jpg,m00564.jpg,different
b00565.jpg,m00565.jpg,different
b00566.jpg,m00566.jpg,different
b00567.jpg,m00567.jpg,different
b00568.jpg,m00568.jpg,different
b00569.jpg,m00569.jpg,different
b00570.jpg,m00570.jpg,different
b00571.jpg,m00571.jpg,different
b00572.jpg,m00572.jpg,different
b00573.jpg,m00573.jpg,different
b00574.jpg,m00574.jpg,different
b00575.jpg,m00575.jpg,different
b00576.jpg,m00576.jpg,different
b00577.jpg,m00577.jpg,different
b00578.jpg,m00578.jpg,different
b00579.jpg,m00579.jpg,different
b00580.jpg,m00580.jpg,different
b00581.jpg,m00581.jpg,different
b00582.jpg,m00582.jpg,different
b00583.jpg,m00583.jpg,different
b00584.jpg,m00584.jpg,different
b00585.jpg,m00585.jpg,different
b00586.jpg,m00586.jpg,different
b00587.jpg,m00587.jpg,different
b00588.jpg,m00588.jpg,different
b00589.jpg,m00589.jpg,different
b00590.jpg,m00590.jpg,different
b00591.jpg,m00591.jpg,different
b00592.jpg,m00592.jpg,different
b00593.jpg,m00593.jpg,different
b00594.jpg,m00594.jpg,different
b00595.jpg,m00595.jpg,different
b00596.jpg,m00596.jpg,different
b00597.jpg,m00597.jpg,different
b00598.jpg,m00598.jpg,different
b00599.jpg,m00599.jpg,different
b00600.jpg,m00600.jpg,different
b00601.jpg,m00601.jpg,different
b00602.jpg,m00602.jpg,different
b00603.jpg,m00603.jpg,different
b00604.jpg,m00604.jpg,different
b00605.jpg,m00605.jpg,different
b00606.jpg,m00606.jpg,different
b00607.jpg,m00607.jpg,different
b00608.jpg,m00608.jpg,different
b00609.jpg,m00609.jpg,different
b00610.jpg,m00610.jpg,different
b00611.jpg,m00611.jpg,different
b00612.jpg,m00612.jpg,different
b00613.jpg,m00613.jpg,different
b00614.jpg,m00614.jpg,different
b00615.jpg,m00615.jpg,different
b00616.jpg,m00616.jpg,different
b00617.jpg,m00617.jpg,different
b00618.jpg,m00618.jpg,different
b00619.jpg,m00619.jpg,different
b00620.jpg,m00620.jpg,different
b00621.jpg,m00621.jpg,different
b00622.jpg,m00622.jpg,different
b00623.jpg,m00623.jpg,different
b00624.jpg,m00624.jpg,different
b00625.jpg,m00625.jpg,different
b00626.jpg,m00626.jpg,different
b00627.jpg,m00627.jpg,different
b00628.jpg,m00628.jpg,different
b00629.jpg,m00629.jpg,different
b00630.jpg,m00630.jpg,different
b00631.jpg,m00631.jpg,different
b00632.jpg,m00632.jpg,different
b00633.jpg,m00633.jpg,different
b00634.jpg,m00634.jpg,different
b00635.jpg,m00635.jpg,different
b00636.jpg,m00636.jpg,different
b00637.jpg,m00637.jpg,different
b00638.jpg,m00638.jpg,different
b00639.jpg,m00639.jpg,different
b00640.jpg,m00640.jpg,different
b00641.jpg,m00641.jpg,different
b00642.jpg,m00642.jpg,different
b00643.jpg,m00643.jpg,different
b00644.jpg,m00644.jpg,different
b00645.jpg,m00645.jpg,different
b00646.jpg,m00646.jpg,different
b00647.jpg,m00647.jpg,different
b00648.jpg,m00648.jpg,different
b00649.jpg,m00649.jpg,different
b00650.jpg,m00650.jpg,different
b00651.jpg,m00651.jpg,different
b00652.jpg,m00652.jpg,different
b00653.jpg,m00653.jpg,different
b00654.jpg,m00654.jpg,different
b00655.jpg,m00655.jpg,different
b00656.jpg,m00656.jpg,different
b00657.jpg,m00657.jpg,different
b00658.jpg,m00658.jpg,different
b00659.jpg,m00659.jpg,different
b00660.jpg,m00660.jpg,different
b00661.jpg,m00661.jpg,different
b00662.jpg,m00662.jpg,different
b00663.jpg,m00663.jpg,different
b00664.jpg,m00664.jpg,different
b00665.jpg,m00665.jpg,different
b00666.jpg,m00666.jpg,different
b00667.jpg,b00001.jpg,different
b00668.jpg,b00002.jpg,different
b00669.jpg,b00003.jpg,different
b00670.jpg,b00004.jpg,different
b00671.jpg,b00005.jpg,different
b00672.jpg,b00006.jpg,different
b00673.jpg,b00007.jpg,different
b00674.jpg,b00008.jpg,different
b00675.jpg,b00009.jpg,different
b00676.jpg,b00010.jpg,different
b00677.jpg,b00011.jpg,different
b00678.jpg,b00012.jpg,different
b00679.jpg,b00013.jpg,different
b00680.jpg,b00014.jpg,different
b00681.jpg,b00015.jpg,different
b00682.jpg,b00016.jpg,different
b00683.jpg,b00017.jpg,different
b00684.jpg,b00018.jpg,different
b00685.jpg,b00019.jpg,different
b00686.jpg,b00020.jpg,different
b00687.jpg,b00021.jpg,different
b00688.jpg,b00022.jpg,different
b00689.jpg,b00023.jpg,different
b00690.jpg,b00024.jpg,different
b00691.jpg,b00025.jpg,different
b00692.jpg,b00026.jpg,different
b00693.jpg,b00027.jpg,different
b00694.jpg,b00028.jpg,different
b00695.jpg,b00029.jpg,different
b00696.jpg,b00030.jpg,different
b00697.jpg,b00031.jpg,different
b00698.jpg,b00032.jpg,different
b00699.jpg,b00033.jpg,different
b00700.jpg,b00034.jpg,different
b00701.jpg,b00035.jpg,different
b00702.jpg,b00036.jpg,different
b00703.jpg,b00037.jpg,different
b00704.jpg,b00038.jpg,different
b00705.jpg,b00039.jpg,different
b00706.jpg,b00040.jpg,different
b00707.jpg,b00041.jpg,different
b00708.jpg,b00042.jpg,different
b00709.jpg,b00043.jpg,different
b00710.jpg,b00044.jpg,different
b00711.jpg,b00045.jpg,different
b00712.jpg,b00046.jpg,different
b00713.jpg,b00047.jpg,different
b00714.jpg,b00048.jpg,different
b00715.jpg,b00049.jpg,different
b00716.jpg,b00050.jpg,different
b00717.jpg,b00051.jpg,different
b00718.jpg,b00052.jpg,different
b00719.jpg,b00053.jpg,different
b00720.jpg,b00054.jpg,different
b00721.jpg,b00055.jpg,different
b00722.jpg,b00056.jpg,different
b00723.jpg,b00057.jpg,different
b00724.jpg,b00058.jpg,different
b00725.jpg,b00059.jpg,different
b00726.jpg,b00060.jpg,different
b00727.jpg,b00061.jpg,different
b00728.jpg,b00062.jpg,different
b00729.jpg,b00063.jpg,different
b00730.jpg,b00064.jpg,different
b00731.jpg,b00065.jpg,different
b00732.jpg,b00066.jpg,different
b00733.jpg,b00067.jpg,different
b00734.jpg,b00068.jpg,different
b00735.jpg,b00069.jpg,different
b00736.jpg,b00070.jpg,different
b00737.jpg,b00071.jpg,different
b00738.jpg,b00072.jpg,different
b00739.jpg,b00073.jpg,different
b00740.jpg,b00074.jpg,different
b00741.jpg,b00075.jpg,different
b00742.jpg,b00076.jpg,different
b00743.jpg,b00077.jpg,different
b00744.jpg,b00078.jpg,different
b00745.jpg,b00079.jpg,different
b00746.jpg,b00080.jpg,different
b00747.jpg,b00081.jpg,different
b00748.jpg,b00082.jpg,different
b00749.jpg,b00083.jpg,different
b00750.jpg,b00084.jpg,different
b00751.jpg,b00085.jpg,different
b00752.jpg,b00086.jpg,different
b00753.jpg,b00087.jpg,different
b00754.jpg,b00088.jpg,different
b00755.jpg,b00089.jpg,different
b00756.jpg,b00090.jpg,different
b00757.jpg,b00091.jpg,different
b00758.jpg,b00092.jpg,different
b00759.jpg,b00093.jpg,different
b00760.jpg,b00094.jpg,different
b00761.jpg,b00095.jpg,different
b00762.jpg,b00096.jpg,different
b00763.jpg,b00097.jpg,different
b00764.jpg,b00098.jpg,different
b00765.jpg,b00099.jpg,different
b00766.jpg,b00100.jpg,different
b00767.jpg,b00101.jpg,different
b00768.jpg,b00102.jpg,different
b00769.jpg,b00103.jpg,different
b00770.jpg,b00104.jpg,different
b00771.jpg,b00105.jpg,different
b00772.jpg,b00106.jpg,different
b00773.jpg,b00107.jpg,different
b00774.jpg,b00108.jpg,different
b00775.jpg,b00109.jpg,different
b00776.jpg,b00110.jpg,different
b00777.jpg,b00111.jpg,different
b00778.jpg,b00112.jpg,different
b00779.jpg,b00113.jpg,different
b00780.jpg,b00114.jpg,different
b00781.jpg,b00115.jpg,different
b00782.jpg,b00116.jpg,different
b00783.jpg,b00117.jpg,different
b00784.jpg,b00118.jpg,different
b00785.jpg,b00119.jpg,different
b00786.jpg,b00120.jpg,different
b00787.jpg,b00121.jpg,different
b00788.jpg,b00122.jpg,different
b00789.jpg,b00123.jpg,different
b00790.jpg,b00124.jpg,different
b00791.jpg,b00125.jpg,different
b00792.jpg,b00126.jpg,different
b00793.jpg,b00127.jpg,different
b00794.jpg,b00128.jpg,different
b00795.jpg,b00129.jpg,different
b00796.jpg,b00130.jpg,different
b00797.jpg,b00131.jpg,different
b00798.jpg,b00132.jpg,different
b00799.jpg,b00133.jpg,different
b00800.jpg,b00134.jpg,different
b00801.jpg,b00135.jpg,different
b00802.jpg,b00136.jpg,different
b00803.jpg,b00137.jpg,different
b00804.jpg,b00138.jpg,different
b00805.jpg,b00139.jpg,different
b00806.jpg,b00140.jpg,different
b00807.jpg,b00141.jpg,different
b00808.jpg,b00142.jpg,different
b00809.jpg,b00143.jpg,different
b00810.jpg,b00144.jpg,different
b00811.jpg,b00145.jpg,different
b00812.jpg,b00146.jpg,different
b00813.jpg,b00147.jpg,different
b00814.jpg,b00148.jpg,different
b00815.jpg,b00149.jpg,different
b00816.jpg,b00150.jpg,different
b00817.jpg,b00151.jpg,different
b00818.jpg,b00152.jpg,different
b00819.jpg,b00153.jpg,different
b00820.jpg,b00154.jpg,different
b00821.jpg,b00155.jpg,different
b00822.jpg,b00156.jpg,different
b00823.jpg,b00157.jpg,different
b00824.jpg,b00158.jpg,different
b00825.jpg,b00159.jpg,different
b00826.jpg,b00160.jpg,different
b00827.jpg,b00161.jpg,different
b00828.jpg,b00162.jpg,different
b00829.jpg,b00163.jpg,different
b00830.jpg,b00164.jpg,different
b00831.jpg,b00165.jpg,different
b00832.jpg,b00166.jpg,different
b00833.jpg,b00167.jpg,different
b00834.jpg,b00168.jpg,different
b00835.jpg,b00169.jpg,different
b00836.jpg,b00170.jpg,different
b00837.jpg,b00171.jpg,different
b00838.jpg,b00172.jpg,different
b00839.jpg,b00173.jpg,different
b00840.jpg,b00174.jpg,different
b00841.jpg,b00175.jpg,different
b00842.jpg,b00176.jpg,different
b00843.jpg,b00177.jpg,different
b00844.jpg,b00178.jpg,different
b00845.jpg,b00179.jpg,different
b00846.jpg,b00180.jpg,different
b00847.jpg,b00181.jpg,different
b00848.jpg,b00182.jpg,different
b00849.jpg,b00183.jpg,different
b00850.jpg,b00184.jpg,different
b00851.jpg,b00185.jpg,different
b00852.jpg,b00186.jpg,different
b00853.jpg,b00187.jpg,different
b00854.jpg,b00188.jpg,different
b00855.jpg,b00189.jpg,different
b00856.jpg,b00190.jpg,different
b00857.jpg,b00191.jpg,different
b00858.jpg,b00192.jpg,different
b00859.jpg,b00193.jpg,different
b00860.jpg,b00194.jpg,different
b00861.jpg,b00195.jpg,different
b00862.jpg,b00196.jpg,different
b00863.jpg,b00197.jpg,different
b00864.jpg,b00198.jpg,different
b00865.jpg,b00199.jpg,different
b00866.jpg,b00200.jpg,different
b00867.jpg,b00201.jpg,different
b00868.jpg,b00202.jpg,different
b00869.jpg,b00203.jpg,different
b00870.jpg,b00204.jpg,different
b00871.jpg,b00205.jpg,different
b00872.jpg,b00206.jpg,different
b00873.jpg,b00207.jpg,different
b00874.jpg,b00208.jpg,different
b00875.jpg,b00209.jpg,different
b00876.jpg,b00210.jpg,different
b00877.jpg,b00211.jpg,different
b00878.jpg,b00212.jpg,different
b00879.jpg,b00213.jpg,different
b00880.jpg,b00214.jpg,different
b00881.jpg,b00215.jpg,different
b00882.jpg,b00216.jpg,different
b00883.jpg,b00217.jpg,different
b00884.jpg,b00218.jpg,different
b00885.jpg,b00219.jpg,different
b00886.jpg,b00220.jpg,different
b00887.jpg,b00221.jpg,different
b00888.jpg,b00222.jpg,different
b00889.jpg,b00223.jpg,different
b00890.jpg,b00224.jpg,different
b00891.jpg,b00225.jpg,different
b00892.jpg,b00226.jpg,different
b00893.jpg,b00227.jpg,different
b00894.jpg,b00228.jpg,different
b00895.jpg,b00229.jpg,different
b00896.jpg,b00230.jpg,different
b00897.jpg,b00231.jpg,different
b00898.jpg,b00232.jpg,different
b00899.jpg,b00233.jpg,different
b00900.jpg,b00234.jpg,different
b00901.jpg,b00235.jpg,different
b00902.jpg,b00236.jpg,different
b00903.jpg,b00237.jpg,different
b00904.jpg,b00238.jpg,different
b00905.jpg,b00239.jpg,different
b00906.jpg,b00240.jpg,different
b00907.jpg,b00241.jpg,different
b00908.jpg,b00242.jpg,different
b00909.jpg,b00243.jpg,different
b00910.jpg,b00244.jpg,different
b00911.jpg,b00245.jpg,different
b00912.jpg,b00246.jpg,different
b00913.jpg,b00247.jpg,different
b00914.jpg,b00248.jpg,different
b00915.jpg,b00249.jpg,different
b00916.jpg,b00250.jpg,different
b00917.jpg,b00251.jpg,different
b00918.jpg,b00252.jpg,different
b00919.jpg,b00253.jpg,different
b00920.jpg,b00254.jpg,different
b00921.jpg,b00255.jpg,different
b00922.jpg,b00256.jpg,different
b00923.jpg,b00257.jpg,different
b00924.jpg,b00258.jpg,different
b00925.jpg,b00259.jpg,different
b00926.jpg,b00260.jpg,different
b00927.jpg,b00261.jpg,different
b00928.jpg,b00262.jpg,different
b00929.jpg,b00263.jpg,different
b00930.jpg,b00264.jpg,different
b00931.jpg,b00265.jpg,different
b00932.jpg,b00266.jpg,different
b00933.jpg,b00267.jpg,different
b00934.jpg,b00268.jpg,different
b00935.jpg,b00269.jpg,different
b00936.jpg,b00270.jpg,different
b00937.jpg,b00271.jpg,different
b00938.jpg,b00272.jpg,different
b00939.jpg,b00273.jpg,different
b00940.jpg,b00274.jpg,different
b00941.jpg,b00275.jpg,different
b00942.jpg,b00276.jpg,different
b00943.jpg,b00277.jpg,different
b00944.jpg,b00278.jpg,different
b00945.jpg,b00279.jpg,different
b00946.jpg,b00280.jpg,different
b00947.jpg,b00281.jpg,different
b00948.jpg,b00282.jpg,different
b00949.jpg,b00283.jpg,different
b00950.jpg,b00284.jpg,different
b00951.jpg,b00285.jpg,different
b00952.jpg,b00286.jpg,different
b00953.jpg,b00287.jpg,different
b00954.jpg,b00288.jpg,different
b00955.jpg,b00289.jpg,different
b00956.jpg,b00290.jpg,different
b00957.jpg,b00291.jpg,different
b00958.jpg,b00292.jpg,different
b00959.jpg,b00293.jpg,different
b00960.jpg,b00294.jpg,different
b00961.jpg,b00295.jpg,different
b00962.jpg,b00296.jpg,different
b00963.jpg,b00297.jpg,different
b00964.jpg,b00298.jpg,different
b00965.jpg,b00299.jpg,different
b00966.jpg,b00300.jpg,different
b00967.jpg,b00301.jpg,different
b00968.jpg,b00302.jpg,different
b00969.jpg,b00303.jpg,different
b00970.jpg,b00304.jpg,different
b00971.jpg,b00305.jpg,different
b00972.jpg,b00306.jpg,different
b00973.jpg,b00307.jpg,different
b00974.jpg,b00308.jpg,different
b00975.jpg,b00309.jpg,different
b00976.jpg,b00310.jpg,different
b00977.jpg,b00311.jpg,different
b00978.jpg,b00312.jpg,different
b00979.jpg,b00313.jpg,different
b00980.jpg,b00314.jpg,different
b00981.jpg,b00315.jpg,different
b00982.jpg,b00316.jpg,different
b00983.jpg,b00317.jpg,different
b00984.jpg,b00318.jpg,different
b00985.jpg,b00319.jpg,different
b00986.jpg,b00320.jpg,different
b00987.jpg,b00321.jpg,different
b00988.jpg,b00322.jpg,different
b00989.jpg,b00323.jpg,different
b00990.jpg,b00324.jpg,different
b00991.jpg,b00325.jpg,different
b00992.jpg,b00326.jpg,different
b00993.jpg,b00327.jpg,different
b00994.jpg,b00328.jpg,different
b00995.jpg,b00329.jpg,different
b00996.jpg,b00330.jpg,different
b00997.jpg,b00331.jpg,different
b00998.jpg,b00332.jpg,different
b00999.jpg,b00333.jpg,different
b01000.jpg,b00334.jpg,different