image1,image2,label
b00176.jpg,m01924.jpg,different
b01233.jpg,m01463.jpg,different
b00113.jpg,m00431.jpg,different
b00773.jpg,m00685.jpg,different
b02106.jpg,m01805.jpg,different
b00420.jpg,m02032.jpg,different
b01381.jpg,m00452.jpg,different
b01460.jpg,m01493.jpg,different
b02077.jpg,m00126.jpg,different
b01275.jpg,m01672.jpg,different
b00026.jpg,m00318.jpg,different
b01046.jpg,m00404.jpg,different
b01699.jpg,m00602.jpg,different
b00482.jpg,m00467.jpg,different
b00947.jpg,m00032.jpg,different
b00693.jpg,m01285.jpg,different
b01175.jpg,m01617.jpg,different
b00933.jpg,m01292.jpg,different
b00217.jpg,m01010.jpg,different
b00278.jpg,m00680.jpg,different
b01628.jpg,m01279.jpg,different
b01783.jpg,m00866.jpg,different
b01959.jpg,m00463.jpg,different
b00793.jpg,m00557.jpg,different
b00039.jpg,m00286.jpg,different
b00605.jpg,m00760.jpg,different
b00833.jpg,m00863.jpg,different
b01854.jpg,m01013.jpg,different
b01532.jpg,m00724.jpg,different
b01936.jpg,m02026.jpg,different
b00237.jpg,m01990.jpg,different
b02044.jpg,m01509.jpg,different
b00564.jpg,m01277.jpg,different
b00108.jpg,m00120.jpg,different
b01495.jpg,m01716.jpg,different
b00040.jpg,m00761.jpg,different
b00942.jpg,m00843.jpg,different
b01516.jpg,m00474.jpg,different
b01607.jpg,m00919.jpg,different
b00818.jpg,m01612.jpg,different
b00244.jpg,m01516.jpg,different
b00597.jpg,m00387.jpg,different
b00433.jpg,m00579.jpg,different
b00063.jpg,m00373.jpg,different
b01328.jpg,m00044.jpg,different
b00402.jpg,m00935.jpg,different
b00478.jpg,m00030.jpg,different
b00946.jpg,m00890.jpg,different
b01788.jpg,m01616.jpg,different
b00771.jpg,m00679.jpg,different
b02078.jpg,m00891.jpg,different
b01262.jpg,m01019.jpg,different
b00577.jpg,m01338.jpg,different
b01295.jpg,m01389.jpg,different
b00140.jpg,m01307.jpg,different
b00765.jpg,m01428.jpg,different
b00611.jpg,m01317.jpg,different
b01723.jpg,m01834.jpg,different
b01376.jpg,m00782.jpg,different
b02006.jpg,m01156.jpg,different
b00922.jpg,m01648.jpg,different
b00553.jpg,m00220.jpg,different
b01007.jpg,m01793.jpg,different
b01123.jpg,m02034.jpg,different
b01248.jpg,m00117.jpg,different
b01161.jpg,m02118.jpg,different
b01533.jpg,m01240.jpg,different
b01375.jpg,m01284.jpg,different
b01486.jpg,m00332.jpg,different
b00472.jpg,m01503.jpg,different
b01768.jpg,m01753.jpg,different
b01793.jpg,m00053.jpg,different
b00610.jpg,m00265.jpg,different
b01470.jpg,m01873.jpg,different
b02045.jpg,m01418.jpg,different
b00883.jpg,m01563.jpg,different
b00406.jpg,m00588.jpg,different
b00270.jpg,m01609.jpg,different
b01305.jpg,m01801.jpg,different
b00317.jpg,m01345.jpg,different
b00325.jpg,m00077.jpg,different
b00087.jpg,m01933.jpg,different
b00166.jpg,m02056.jpg,different
b01163.jpg,m00874.jpg,different
b00450.jpg,m00614.jpg,different
b01253.jpg,m00924.jpg,different
b01236.jpg,m01430.jpg,different
b00365.jpg,m01315.jpg,different
b00452.jpg,m00068.jpg,different
b01809.jpg,m00522.jpg,different
b01142.jpg,m01008.jpg,different
b00860.jpg,m01744.jpg,different
b00538.jpg,m01420.jpg,different
b01088.jpg,m00144.jpg,different
b01263.jpg,m00879.jpg,different
b00321.jpg,m01196.jpg,different
b01910.jpg,m01452.jpg,different
b01472.jpg,m01646.jpg,different
b01242.jpg,m00157.jpg,different
b01159.jpg,m00872.jpg,different
b01689.jpg,m00646.jpg,different
b00825.jpg,m00562.jpg,different
b01523.jpg,m01849.jpg,different
b00552.jpg,m01864.jpg,different
b00292.jpg,m00307.jpg,different
b00752.jpg,m01003.jpg,different
b01327.jpg,m01089.jpg,different
b01360.jpg,m02062.jpg,different
b00764.jpg,m01644.jpg,different
b00908.jpg,m00355.jpg,different
b01797.jpg,m00121.jpg,different
b00856.jpg,m00936.jpg,different
b00801.jpg,m00828.jpg,different
b01659.jpg,m01657.jpg,different
b01544.jpg,m01925.jpg,different
b00421.jpg,m02066.jpg,different
b01604.jpg,m02000.jpg,different
b02091.jpg,m01122.jpg,different
b00872.jpg,m00951.jpg,different
b01032.jpg,m01979.jpg,different
b01886.jpg,m01623.jpg,different
b02088.jpg,m00734.jpg,different
b00212.jpg,m00475.jpg,different
b00584.jpg,m00716.jpg,different
b00971.jpg,m00809.jpg,different
b01884.jpg,m00862.jpg,different
b01590.jpg,m02053.jpg,different
b00401.jpg,m00045.jpg,different
b00813.jpg,m00490.jpg,different
b00116.jpg,m01536.jpg,different
b00238.jpg,m00543.jpg,different
b02013.jpg,m01432.jpg,different
b01605.jpg,m02080.jpg,different
b01467.jpg,m01763.jpg,different
b00669.jpg,m01289.jpg,different
b00629.jpg,m00192.jpg,different
b00256.jpg,m00640.jpg,different
b01438.jpg,m01510.jpg,different
b00192.jpg,m00353.jpg,different
b01919.jpg,m01635.jpg,different
b00442.jpg,m00553.jpg,different
b00969.jpg,m00381.jpg,different
b02026.jpg,m01906.jpg,different
b01272.jpg,m01989.jpg,different
b01028.jpg,m01290.jpg,different
b00370.jpg,m02031.jpg,different
b02115.jpg,m00471.jpg,different
b00563.jpg,m01781.jpg,different
b01792.jpg,m01065.jpg,different
b01396.jpg,m00971.jpg,different
b01774.jpg,m01457.jpg,different
b00014.jpg,m00608.jpg,different
b01622.jpg,m01165.jpg,different
b01952.jpg,m00132.jpg,different
b01115.jpg,m00417.jpg,different
b00711.jpg,m01229.jpg,different
b00993.jpg,m01469.jpg,different
b00480.jpg,m01699.jpg,different
b00536.jpg,m01360.jpg,different
b00177.jpg,m00268.jpg,different
b02029.jpg,m01217.jpg,different
b00395.jpg,m00224.jpg,different
b01100.jpg,m00437.jpg,different
b00751.jpg,m00163.jpg,different
b00996.jpg,m00631.jpg,different
b00500.jpg,m00183.jpg,different
b00141.jpg,m00609.jpg,different
b01878.jpg,m00331.jpg,different
b01359.jpg,m01636.jpg,different
b00460.jpg,m00592.jpg,different
b00671.jpg,m01152.jpg,different
b01752.jpg,m00625.jpg,different
b00142.jpg,m01923.jpg,different
b01287.jpg,m01459.jpg,different
b00975.jpg,m01203.jpg,different
b01435.jpg,m00623.jpg,different
b00713.jpg,m00148.jpg,different
b01446.jpg,m00903.jpg,different
b00439.jpg,m00078.jpg,different
b01675.jpg,m00725.jpg,different
b00729.jpg,m01072.jpg,different
b00281.jpg,m01796.jpg,different
b01937.jpg,m00848.jpg,different
b01624.jpg,m01074.jpg,different
b00619.jpg,m00295.jpg,different
b02012.jpg,m01128.jpg,different
b01051.jpg,m01223.jpg,different
b00396.jpg,m00325.jpg,different
b01694.jpg,m00138.jpg,different
b01039.jpg,m00017.jpg,different
b02040.jpg,m01755.jpg,different
b01573.jpg,m00279.jpg,different
b01861.jpg,m01267.jpg,different
b00796.jpg,m00786.jpg,different
b00668.jpg,m00677.jpg,different
b01928.jpg,m00663.jpg,different
b00347.jpg,m01663.jpg,different
b01112.jpg,m01614.jpg,different
b01875.jpg,m01403.jpg,different
b00609.jpg,m01158.jpg,different
b00074.jpg,m00074.jpg,different
b00992.jpg,m00992.jpg,different
b00688.jpg,m00688.jpg,different
b01236.jpg,m01236.jpg,different
b02128.jpg,m02128.jpg,different
b01067.jpg,m01067.jpg,different
b01273.jpg,m01273.jpg,different
b00573.jpg,m00573.jpg,different
b01075.jpg,m01075.jpg,different
b00539.jpg,m00539.jpg,different
b01862.jpg,m01862.jpg,different
b01430.jpg,m01430.jpg,different
b01404.jpg,m01404.jpg,different
b02126.jpg,m02126.jpg,different
b01582.jpg,m01582.jpg,different
b00852.jpg,m00852.jpg,different
b02105.jpg,m02105.jpg,different
b00164.jpg,m00164.jpg,different
b00479.jpg,m00479.jpg,different
b01855.jpg,m01855.jpg,different
b00807.jpg,m00807.jpg,different
b01243.jpg,m01243.jpg,different
b01696.jpg,m01696.jpg,different
b00292.jpg,m00292.jpg,different
b00624.jpg,m00624.jpg,different
b00968.jpg,m00968.jpg,different
b01057.jpg,m01057.jpg,different
b01194.jpg,m01194.jpg,different
b01702.jpg,m01702.jpg,different
b01581.jpg,m01581.jpg,different
b00112.jpg,m00112.jpg,different
b00385.jpg,m00385.jpg,different
b00921.jpg,m00921.jpg,different
b00263.jpg,m00263.jpg,different
b02089.jpg,m02089.jpg,different
b01220.jpg,m01220.jpg,different
b00494.jpg,m00494.jpg,different
b01312.jpg,m01312.jpg,different
b00716.jpg,m00716.jpg,different
b01557.jpg,m01557.jpg,different
b00899.jpg,m00899.jpg,different
b01005.jpg,m01005.jpg,different
b01609.jpg,m01609.jpg,different
b00542.jpg,m00542.jpg,different
b00583.jpg,m00583.jpg,different
b00506.jpg,m00506.jpg,different
b00280.jpg,m00280.jpg,different
b00008.jpg,m00008.jpg,different
b00696.jpg,m00696.jpg,different
b01305.jpg,m01305.jpg,different
b00886.jpg,m00886.jpg,different
b00311.jpg,m00311.jpg,different
b01622.jpg,m01622.jpg,different
b00633.jpg,m00633.jpg,different
b01883.jpg,m01883.jpg,different
b00773.jpg,m00773.jpg,different
b00757.jpg,m00757.jpg,different
b00459.jpg,m00459.jpg,different
b01919.jpg,m01919.jpg,different
b01107.jpg,m01107.jpg,different
b01510.jpg,m01510.jpg,different
b01340.jpg,m01340.jpg,different
b00970.jpg,m00970.jpg,different
b01880.jpg,m01880.jpg,different
b01647.jpg,m01647.jpg,different
b00458.jpg,m00458.jpg,different
b01497.jpg,m01497.jpg,different
b00836.jpg,m00836.jpg,different
b00543.jpg,m00543.jpg,different
b00483.jpg,m00483.jpg,different
b00566.jpg,m00566.jpg,different
b00793.jpg,m00793.jpg,different
b01566.jpg,m01566.jpg,different
b00998.jpg,m00998.jpg,different
b00207.jpg,m00207.jpg,different
b01809.jpg,m01809.jpg,different
b00976.jpg,m00976.jpg,different
b01671.jpg,m01671.jpg,different
b01304.jpg,m01304.jpg,different
b00713.jpg,m00713.jpg,different
b00069.jpg,m00069.jpg,different
b01420.jpg,m01420.jpg,different
b00516.jpg,m00516.jpg,different
b00842.jpg,m00842.jpg,different
b02102.jpg,m02102.jpg,different
b01567.jpg,m01567.jpg,different
b00270.jpg,m00270.jpg,different
b00710.jpg,m00710.jpg,different
b00561.jpg,m00561.jpg,different
b00949.jpg,m00949.jpg,different
b00912.jpg,m00912.jpg,different
b01212.jpg,m01212.jpg,different
b00434.jpg,m00434.jpg,different
b00589.jpg,m00589.jpg,different
b00880.jpg,m00880.jpg,different
b01347.jpg,m01347.jpg,different
b00509.jpg,m00509.jpg,different
b00227.jpg,m00227.jpg,different
b00835.jpg,m00835.jpg,different
b00507.jpg,m00507.jpg,different
b01772.jpg,m01772.jpg,different
b02093.jpg,m02093.jpg,different
b01922.jpg,m01922.jpg,different
b00981.jpg,m00981.jpg,different
b01381.jpg,m01381.jpg,different
b01660.jpg,m01660.jpg,different
b00060.jpg,m00060.jpg,different
b00182.jpg,m00182.jpg,different
b00457.jpg,m00457.jpg,different
b00209.jpg,m00209.jpg,different
b00327.jpg,m00327.jpg,different
b00862.jpg,m00862.jpg,different
b00111.jpg,m00111.jpg,different
b02122.jpg,m02122.jpg,different
b00076.jpg,m00076.jpg,different
b01929.jpg,m01929.jpg,different
b02065.jpg,m02065.jpg,different
b01397.jpg,m01397.jpg,different
b01888.jpg,m01888.jpg,different
b01935.jpg,m01935.jpg,different
b01751.jpg,m01751.jpg,different
b01879.jpg,m01879.jpg,different
b01201.jpg,m01201.jpg,different
b01501.jpg,m01501.jpg,different
b01558.jpg,m01558.jpg,different
b01023.jpg,m01023.jpg,different
b01200.jpg,m01200.jpg,different
b01524.jpg,m01524.jpg,different
b02007.jpg,m02007.jpg,different
b00285.jpg,m00285.jpg,different
b01719.jpg,m01719.jpg,different
b01755.jpg,m01755.jpg,different
b01677.jpg,m01677.jpg,different
b00444.jpg,m00444.jpg,different
b00474.jpg,m00474.jpg,different
b00215.jpg,m00215.jpg,different
b01488.jpg,m01488.jpg,different
b00714.jpg,m00714.jpg,different
b01230.jpg,m01230.jpg,different
b01442.jpg,m01442.jpg,different
b00362.jpg,m00362.jpg,different
b01662.jpg,m01662.jpg,different
b01372.jpg,m01372.jpg,different
b00864.jpg,m00864.jpg,different
b01288.jpg,m01288.jpg,different
b00958.jpg,m00958.jpg,different
b01993.jpg,m01993.jpg,different
b00030.jpg,m00030.jpg,different
b00406.jpg,m00406.jpg,different
b01522.jpg,m01522.jpg,different
b01491.jpg,m01491.jpg,different
b00514.jpg,m00514.jpg,different
b01988.jpg,m01988.jpg,different
b01775.jpg,m01775.jpg,different
b00873.jpg,m00873.jpg,different
b00232.jpg,m00232.jpg,different
b02104.jpg,m02104.jpg,different
b00727.jpg,m00727.jpg,different
b01393.jpg,m01393.jpg,different
b00676.jpg,m00676.jpg,different
b01912.jpg,m01912.jpg,different
b01104.jpg,m01104.jpg,different
b01550.jpg,m01550.jpg,different
b00287.jpg,m00287.jpg,different
b01760.jpg,m01760.jpg,different
b01480.jpg,m01480.jpg,different
b00917.jpg,m00917.jpg,different
b00217.jpg,m00217.jpg,different
b01554.jpg,m01554.jpg,different
b01873.jpg,m01873.jpg,different
b01448.jpg,m01448.jpg,different
b00715.jpg,m00715.jpg,different
b01980.jpg,m01980.jpg,different
b01246.jpg,m01246.jpg,different
b00697.jpg,m00697.jpg,different
b02015.jpg,m02015.jpg,different
b01952.jpg,m01952.jpg,different
b00389.jpg,m00389.jpg,different
b02114.jpg,m02114.jpg,different
b02046.jpg,m02046.jpg,different
b01848.jpg,m01848.jpg,different
b01165.jpg,m01165.jpg,different
b01901.jpg,m01901.jpg,different
b00833.jpg,m00833.jpg,different
b01261.jpg,m01261.jpg,different
b00193.jpg,m00193.jpg,different
b00567.jpg,m00567.jpg,different
b01240.jpg,m01240.jpg,different
b01392.jpg,m01392.jpg,different
b01399.jpg,m01399.jpg,different
b01983.jpg,m01983.jpg,different
b00809.jpg,m00809.jpg,different
b00705.jpg,m00705.jpg,different
b00602.jpg,m00602.jpg,different
b00334.jpg,m00334.jpg,different
b01833.jpg,m01833.jpg,different
b00050.jpg,m00050.jpg,different
b01959.jpg,m01959.jpg,different
b00044.jpg,m00044.jpg,different
b00000.jpg,m00000.jpg,different
b00104.jpg,m00104.jpg,different
b00163.jpg,m00163.jpg,different
b00946.jpg,m00946.jpg,different
b00365.jpg,m00365.jpg,different
b01604.jpg,m01604.jpg,different
b01894.jpg,m01894.jpg,different
b01365.jpg,m01365.jpg,different
b01191.jpg,m01191.jpg,different
b02125.jpg,m02125.jpg,different
b00493.jpg,m00493.jpg,different
b00341.jpg,m00341.jpg,different
b01366.jpg,m01366.jpg,different
b00066.jpg,m00066.jpg,different
b01380.jpg,m01380.jpg,different
b01826.jpg,m01826.jpg,different
b00660.jpg,m00660.jpg,different
b01930.jpg,m01930.jpg,different
b00746.jpg,m00746.jpg,different
b01280.jpg,m01280.jpg,different
b02011.jpg,m02011.jpg,different
b02058.jpg,m02058.jpg,different
b01892.jpg,m01892.jpg,different
b00762.jpg,m00762.jpg,different
b00627.jpg,m00627.jpg,different
b01080.jpg,m01080.jpg,different
b00644.jpg,m00644.jpg,different
b01784.jpg,m01784.jpg,different
b01326.jpg,m01326.jpg,different
b01687.jpg,m01687.jpg,different
b00384.jpg,m00384.jpg,different
b00230.jpg,m00230.jpg,different
b01090.jpg,m01090.jpg,different
b00724.jpg,m00724.jpg,different
b00274.jpg,m00274.jpg,different
b01511.jpg,m01511.jpg,different
b01979.jpg,m01979.jpg,different
b01690.jpg,m01690.jpg,different
b00437.jpg,m00437.jpg,different
b01164.jpg,m01164.jpg,different
b01378.jpg,m01378.jpg,different
b00635.jpg,m00635.jpg,different
b00575.jpg,m00575.jpg,different
b00834.jpg,m00834.jpg,different
b01961.jpg,m01961.jpg,different
b01204.jpg,m01204.jpg,different
b00318.jpg,m00318.jpg,different
b00717.jpg,m00717.jpg,different
b01459.jpg,m01459.jpg,different
b01289.jpg,m01289.jpg,different
b00431.jpg,m00431.jpg,different
b01707.jpg,m01707.jpg,different
b00498.jpg,m00498.jpg,different
b01050.jpg,m01050.jpg,different
b00601.jpg,m00601.jpg,different
b00191.jpg,m00191.jpg,different
b00528.jpg,m00528.jpg,different
b01166.jpg,m01166.jpg,different
b01234.jpg,m01234.jpg,different
b00986.jpg,m00986.jpg,different
b01515.jpg,m01515.jpg,different
b00995.jpg,m00995.jpg,different
b01828.jpg,m01828.jpg,different
b01327.jpg,m01327.jpg,different
b00097.jpg,m00097.jpg,different
b00555.jpg,m00555.jpg,different
b00935.jpg,m00935.jpg,different
b01637.jpg,m01637.jpg,different
b00990.jpg,m00990.jpg,different
b00956.jpg,m00956.jpg,different
b00914.jpg,m00914.jpg,different
b00669.jpg,m00669.jpg,different
b00043.jpg,m00043.jpg,different
b01817.jpg,m01817.jpg,different
b01672.jpg,m01672.jpg,different
b01137.jpg,m01137.jpg,different
b01445.jpg,m01445.jpg,different
b01802.jpg,m01802.jpg,different
b00208.jpg,m00208.jpg,different
b01167.jpg,m01167.jpg,different
b00014.jpg,m00014.jpg,different
b00564.jpg,m00564.jpg,different
b00471.jpg,m00471.jpg,different
b00110.jpg,m00110.jpg,different
b00647.jpg,m00647.jpg,different
b00094.jpg,m00094.jpg,different
b01274.jpg,m01274.jpg,different
b01779.jpg,m01779.jpg,different
b01836.jpg,m01836.jpg,different
b00822.jpg,m00822.jpg,different
b01214.jpg,m01214.jpg,different
b01039.jpg,m01039.jpg,different
b01315.jpg,m01315.jpg,different
b00637.jpg,m00637.jpg,different
b01255.jpg,m01255.jpg,different
b00579.jpg,m00579.jpg,different
b01636.jpg,m01636.jpg,different
b01942.jpg,m01942.jpg,different
b01891.jpg,m01891.jpg,different
b01124.jpg,m01124.jpg,different
b01348.jpg,m01348.jpg,different
b01830.jpg,m01830.jpg,different
b02001.jpg,m02001.jpg,different
b00461.jpg,m00461.jpg,different
b00788.jpg,m00788.jpg,different
b00201.jpg,m00201.jpg,different
b01350.jpg,m01350.jpg,different
b02020.jpg,m02020.jpg,different
b01757.jpg,m01757.jpg,different
b01653.jpg,m01653.jpg,different
b00154.jpg,m00154.jpg,different
b01620.jpg,m01620.jpg,different
b01997.jpg,m01997.jpg,different
b00237.jpg,m00237.jpg,different
b02099.jpg,m02099.jpg,different
b00453.jpg,m00453.jpg,different
b00278.jpg,m00278.jpg,different
b01500.jpg,m01500.jpg,different
b00013.jpg,m00013.jpg,different
b01098.jpg,m01098.jpg,different
b00850.jpg,m00850.jpg,different
b00256.jpg,m00256.jpg,different
b01479.jpg,m01479.jpg,different
b00120.jpg,m00120.jpg,different
b00062.jpg,m00062.jpg,different
b01804.jpg,m01804.jpg,different
b01514.jpg,m01514.jpg,different
b00139.jpg,m00139.jpg,different
b00828.jpg,m00828.jpg,different
b01996.jpg,m01996.jpg,different
b01712.jpg,m01712.jpg,different
b00432.jpg,m00432.jpg,different
b00728.jpg,m00728.jpg,different
b00357.jpg,m00357.jpg,different
b01021.jpg,m01021.jpg,different
b01923.jpg,m01923.jpg,different
b01412.jpg,m01412.jpg,different
b00891.jpg,m00891.jpg,different
b00677.jpg,m00677.jpg,different
b01178.jpg,m01178.jpg,different
b01551.jpg,m01551.jpg,different
b00175.jpg,m00175.jpg,different
b01379.jpg,m01379.jpg,different
b00343.jpg,m00343.jpg,different
b01882.jpg,m01882.jpg,different
b01247.jpg,m01247.jpg,different
b00984.jpg,m00984.jpg,different
b01695.jpg,m01695.jpg,different
b01717.jpg,m01717.jpg,different
b00530.jpg,m00530.jpg,different
b00989.jpg,m00989.jpg,different
b00531.jpg,m00531.jpg,different
b01225.jpg,m01225.jpg,different
b01044.jpg,m01044.jpg,different
b01633.jpg,m01633.jpg,different
b00134.jpg,m00134.jpg,different
b00489.jpg,m00489.jpg,different
b01162.jpg,m01162.jpg,different
b00260.jpg,m00260.jpg,different
b01188.jpg,m01188.jpg,different
b01556.jpg,m01556.jpg,different
b00369.jpg,m00369.jpg,different
b00309.jpg,m00309.jpg,different
b00686.jpg,m00686.jpg,different
b01416.jpg,m01416.jpg,different
b01482.jpg,m01482.jpg,different
b00940.jpg,m00940.jpg,different
b00675.jpg,m00675.jpg,different
b00841.jpg,m00841.jpg,different
b01140.jpg,m01140.jpg,different
b00769.jpg,m00769.jpg,different
b02019.jpg,m02019.jpg,different
b01413.jpg,m01413.jpg,different
b00674.jpg,m00674.jpg,different
b00040.jpg,m00040.jpg,different
b01298.jpg,m01298.jpg,different
b01357.jpg,m01357.jpg,different
b01148.jpg,m01148.jpg,different
b01322.jpg,m01322.jpg,different
b00495.jpg,m00495.jpg,different
b00889.jpg,m00889.jpg,different
b01849.jpg,m01849.jpg,different
b00408.jpg,m00408.jpg,different
b00610.jpg,m00610.jpg,different
b00854.jpg,m00854.jpg,different
b00777.jpg,m00777.jpg,different
b01353.jpg,m01353.jpg,different
b00336.jpg,m00336.jpg,different
b00963.jpg,m00963.jpg,different
b00075.jpg,m00075.jpg,different
b01112.jpg,m01112.jpg,different
b01920.jpg,m01920.jpg,different
b01797.jpg,m01797.jpg,different
b00712.jpg,m00712.jpg,different
b01356.jpg,m01356.jpg,different
b00425.jpg,m00425.jpg,different
b01122.jpg,m01122.jpg,different
b00418.jpg,m00418.jpg,different
b01644.jpg,m01644.jpg,different
b01906.jpg,m01906.jpg,different
b01456.jpg,m01456.jpg,different
b01812.jpg,m01812.jpg,same
b00708.jpg,m00708.jpg,same
b01235.jpg,m01235.jpg,same
b02026.jpg,m02026.jpg,same
b00438.jpg,m00438.jpg,same
b00961.jpg,m00961.jpg,same
b00423.jpg,m00423.jpg,same
b00314.jpg,m00314.jpg,same
b00148.jpg,m00148.jpg,same
b01748.jpg,m01748.jpg,same
b00249.jpg,m00249.jpg,same
b01270.jpg,m01270.jpg,same
b00544.jpg,m00544.jpg,same
b02037.jpg,m02037.jpg,same
b01535.jpg,m01535.jpg,same
b01317.jpg,m01317.jpg,same
b00478.jpg,m00478.jpg,same
b02075.jpg,m02075.jpg,same
b01509.jpg,m01509.jpg,same
b00971.jpg,m00971.jpg,same
b01808.jpg,m01808.jpg,same
b00171.jpg,m00171.jpg,same
b01088.jpg,m01088.jpg,same
b00859.jpg,m00859.jpg,same
b00468.jpg,m00468.jpg,same
b01415.jpg,m01415.jpg,same
b00844.jpg,m00844.jpg,same
b00129.jpg,m00129.jpg,same
b00965.jpg,m00965.jpg,same
b02086.jpg,m02086.jpg,same
b01533.jpg,m01533.jpg,same
b00823.jpg,m00823.jpg,same
b02043.jpg,m02043.jpg,same
b01685.jpg,m01685.jpg,same
b02119.jpg,m02119.jpg,same
b01202.jpg,m01202.jpg,same
b01444.jpg,m01444.jpg,same
b01311.jpg,m01311.jpg,same
b01580.jpg,m01580.jpg,same
b01516.jpg,m01516.jpg,same
b00034.jpg,m00034.jpg,same
b00198.jpg,m00198.jpg,same
b02103.jpg,m02103.jpg,same
b00898.jpg,m00898.jpg,same
b02100.jpg,m02100.jpg,same
b00608.jpg,m00608.jpg,same
b01955.jpg,m01955.jpg,same
b00501.jpg,m00501.jpg,same
b00991.jpg,m00991.jpg,same
b00739.jpg,m00739.jpg,same
b00858.jpg,m00858.jpg,same
b01924.jpg,m01924.jpg,same
b01832.jpg,m01832.jpg,same
b01564.jpg,m01564.jpg,same
b01625.jpg,m01625.jpg,same
b01371.jpg,m01371.jpg,same
b00613.jpg,m00613.jpg,same
b00768.jpg,m00768.jpg,same
b01527.jpg,m01527.jpg,same
b00128.jpg,m00128.jpg,same
b01172.jpg,m01172.jpg,same
b00441.jpg,m00441.jpg,same
b01824.jpg,m01824.jpg,same
b00536.jpg,m00536.jpg,same
b00930.jpg,m00930.jpg,same
b01091.jpg,m01091.jpg,same
b01147.jpg,m01147.jpg,same
b01496.jpg,m01496.jpg,same
b01476.jpg,m01476.jpg,same
b00748.jpg,m00748.jpg,same
b00330.jpg,m00330.jpg,same
b01314.jpg,m01314.jpg,same
b01803.jpg,m01803.jpg,same
b00554.jpg,m00554.jpg,same
b00300.jpg,m00300.jpg,same
b02006.jpg,m02006.jpg,same
b00032.jpg,m00032.jpg,same
b01386.jpg,m01386.jpg,same
b01434.jpg,m01434.jpg,same
b00955.jpg,m00955.jpg,same
b01465.jpg,m01465.jpg,same
b00393.jpg,m00393.jpg,same
b00709.jpg,m00709.jpg,same
b00895.jpg,m00895.jpg,same
b00576.jpg,m00576.jpg,same
b01233.jpg,m01233.jpg,same
b00210.jpg,m00210.jpg,same
b00172.jpg,m00172.jpg,same
b01897.jpg,m01897.jpg,same
b00472.jpg,m00472.jpg,same
b00388.jpg,m00388.jpg,same
b01012.jpg,m01012.jpg,same
b01038.jpg,m01038.jpg,same
b02029.jpg,m02029.jpg,same
b00462.jpg,m00462.jpg,same
b01506.jpg,m01506.jpg,same
b00415.jpg,m00415.jpg,same
b00289.jpg,m00289.jpg,same
b00480.jpg,m00480.jpg,same
b02127.jpg,m02127.jpg,same
b01069.jpg,m01069.jpg,same
b01542.jpg,m01542.jpg,same
b00026.jpg,m00026.jpg,same
b01531.jpg,m01531.jpg,same
b00615.jpg,m00615.jpg,same
b00351.jpg,m00351.jpg,same
b00106.jpg,m00106.jpg,same
b01827.jpg,m01827.jpg,same
b02067.jpg,m02067.jpg,same
b00795.jpg,m00795.jpg,same
b00053.jpg,m00053.jpg,same
b01282.jpg,m01282.jpg,same
b00780.jpg,m00780.jpg,same
b00310.jpg,m00310.jpg,same
b02087.jpg,m02087.jpg,same
b01612.jpg,m01612.jpg,same
b00121.jpg,m00121.jpg,same
b01861.jpg,m01861.jpg,same
b01583.jpg,m01583.jpg,same
b01193.jpg,m01193.jpg,same
b01858.jpg,m01858.jpg,same
b00482.jpg,m00482.jpg,same
b01578.jpg,m01578.jpg,same
b02042.jpg,m02042.jpg,same
b00967.jpg,m00967.jpg,same
b00290.jpg,m00290.jpg,same
b00486.jpg,m00486.jpg,same
b01733.jpg,m01733.jpg,same
b01864.jpg,m01864.jpg,same
b01266.jpg,m01266.jpg,same
b00136.jpg,m00136.jpg,same
b00033.jpg,m00033.jpg,same
b00818.jpg,m00818.jpg,same
b01599.jpg,m01599.jpg,same
b01151.jpg,m01151.jpg,same
b02013.jpg,m02013.jpg,same
b00706.jpg,m00706.jpg,same
b02076.jpg,m02076.jpg,same
b01149.jpg,m01149.jpg,same
b00926.jpg,m00926.jpg,same
b00520.jpg,m00520.jpg,same
b00670.jpg,m00670.jpg,same
b01921.jpg,m01921.jpg,same
b01017.jpg,m01017.jpg,same
b00402.jpg,m00402.jpg,same
b01084.jpg,m01084.jpg,same
b00756.jpg,m00756.jpg,same
b01403.jpg,m01403.jpg,same
b00299.jpg,m00299.jpg,same
b00980.jpg,m00980.jpg,same
b01729.jpg,m01729.jpg,same
b00515.jpg,m00515.jpg,same
b00972.jpg,m00972.jpg,same
b01584.jpg,m01584.jpg,same
b00360.jpg,m00360.jpg,same
b01734.jpg,m01734.jpg,same
b01402.jpg,m01402.jpg,same
b00197.jpg,m00197.jpg,same
b01429.jpg,m01429.jpg,same
b00533.jpg,m00533.jpg,same
b01108.jpg,m01108.jpg,same
b01400.jpg,m01400.jpg,same
b00653.jpg,m00653.jpg,same
b00484.jpg,m00484.jpg,same
b00527.jpg,m00527.jpg,same
b01414.jpg,m01414.jpg,same
b00061.jpg,m00061.jpg,same
b01395.jpg,m01395.jpg,same
b00691.jpg,m00691.jpg,same
b00557.jpg,m00557.jpg,same
b00915.jpg,m00915.jpg,same
b01722.jpg,m01722.jpg,same
b00427.jpg,m00427.jpg,same
b01026.jpg,m01026.jpg,same
b01724.jpg,m01724.jpg,same
b00711.jpg,m00711.jpg,same
b01016.jpg,m01016.jpg,same
b00391.jpg,m00391.jpg,same
b01512.jpg,m01512.jpg,same
b00759.jpg,m00759.jpg,same
b00595.jpg,m00595.jpg,same
b01769.jpg,m01769.jpg,same
b00281.jpg,m00281.jpg,same
b01470.jpg,m01470.jpg,same
b00737.jpg,m00737.jpg,same
b01693.jpg,m01693.jpg,same
b01735.jpg,m01735.jpg,same
b01639.jpg,m01639.jpg,same
b00959.jpg,m00959.jpg,same
b00504.jpg,m00504.jpg,same
b02107.jpg,m02107.jpg,same
b01029.jpg,m01029.jpg,same
b00753.jpg,m00753.jpg,same
b00640.jpg,m00640.jpg,same
b01598.jpg,m01598.jpg,same
b01843.jpg,m01843.jpg,same
b00428.jpg,m00428.jpg,same
b01965.jpg,m01965.jpg,same
b00063.jpg,m00063.jpg,same
b01405.jpg,m01405.jpg,same
b01933.jpg,m01933.jpg,same
b01189.jpg,m01189.jpg,same
b01508.jpg,m01508.jpg,same
b01718.jpg,m01718.jpg,same
b01376.jpg,m01376.jpg,same
b00262.jpg,m00262.jpg,same
b01438.jpg,m01438.jpg,same
b00588.jpg,m00588.jpg,same
b02052.jpg,m02052.jpg,same
b00726.jpg,m00726.jpg,same
b01562.jpg,m01562.jpg,same
b01606.jpg,m01606.jpg,same
b00910.jpg,m00910.jpg,same
b01536.jpg,m01536.jpg,same
b00443.jpg,m00443.jpg,same
b00840.jpg,m00840.jpg,same
b01015.jpg,m01015.jpg,same
b01705.jpg,m01705.jpg,same
b02022.jpg,m02022.jpg,same
b00770.jpg,m00770.jpg,same
b01028.jpg,m01028.jpg,same
b00346.jpg,m00346.jpg,same
b00881.jpg,m00881.jpg,same
b01105.jpg,m01105.jpg,same
b00541.jpg,m00541.jpg,same
b00490.jpg,m00490.jpg,same
b00354.jpg,m00354.jpg,same
b00102.jpg,m00102.jpg,same
b02044.jpg,m02044.jpg,same
b01045.jpg,m01045.jpg,same
b01507.jpg,m01507.jpg,same
b00973.jpg,m00973.jpg,same
b00572.jpg,m00572.jpg,same
b00932.jpg,m00932.jpg,same
b00219.jpg,m00219.jpg,same
b00754.jpg,m00754.jpg,same
b01092.jpg,m01092.jpg,same
b01701.jpg,m01701.jpg,same
b00118.jpg,m00118.jpg,same
b01957.jpg,m01957.jpg,same
b00570.jpg,m00570.jpg,same
b01446.jpg,m01446.jpg,same
b00668.jpg,m00668.jpg,same
b00786.jpg,m00786.jpg,same
b01801.jpg,m01801.jpg,same
b01427.jpg,m01427.jpg,same
b01866.jpg,m01866.jpg,same
b00137.jpg,m00137.jpg,same
b01455.jpg,m01455.jpg,same
b00448.jpg,m00448.jpg,same
b01177.jpg,m01177.jpg,same
b01046.jpg,m01046.jpg,same
b00684.jpg,m00684.jpg,same
b02080.jpg,m02080.jpg,same
b01290.jpg,m01290.jpg,same
b02064.jpg,m02064.jpg,same
b01171.jpg,m01171.jpg,same
b00470.jpg,m00470.jpg,same
b00239.jpg,m00239.jpg,same
b00720.jpg,m00720.jpg,same
b02059.jpg,m02059.jpg,same
b00047.jpg,m00047.jpg,same
b01656.jpg,m01656.jpg,same
b00683.jpg,m00683.jpg,same
b00156.jpg,m00156.jpg,same
b01767.jpg,m01767.jpg,same
b01186.jpg,m01186.jpg,same
b01759.jpg,m01759.jpg,same
b00808.jpg,m00808.jpg,same
b01586.jpg,m01586.jpg,same
b00340.jpg,m00340.jpg,same
b00090.jpg,m00090.jpg,same
b01418.jpg,m01418.jpg,same
b02033.jpg,m02033.jpg,same
b00629.jpg,m00629.jpg,same
b01437.jpg,m01437.jpg,same
b01966.jpg,m01966.jpg,same
b01577.jpg,m01577.jpg,same
b01469.jpg,m01469.jpg,same
b00481.jpg,m00481.jpg,same
b01370.jpg,m01370.jpg,same
b01953.jpg,m01953.jpg,same
b00220.jpg,m00220.jpg,same
b01700.jpg,m01700.jpg,same
b01730.jpg,m01730.jpg,same
b00350.jpg,m00350.jpg,same
b00116.jpg,m00116.jpg,same
b00342.jpg,m00342.jpg,same
b01463.jpg,m01463.jpg,same
b00704.jpg,m00704.jpg,same
b00641.jpg,m00641.jpg,same
b01895.jpg,m01895.jpg,same
b01260.jpg,m01260.jpg,same
b01934.jpg,m01934.jpg,same
b00741.jpg,m00741.jpg,same
b00180.jpg,m00180.jpg,same
b01711.jpg,m01711.jpg,same
b01611.jpg,m01611.jpg,same
b01472.jpg,m01472.jpg,same
b00804.jpg,m00804.jpg,same
b00549.jpg,m00549.jpg,same
b01330.jpg,m01330.jpg,same
b00320.jpg,m00320.jpg,same
b01373.jpg,m01373.jpg,same
b00401.jpg,m00401.jpg,same
b01627.jpg,m01627.jpg,same
b00865.jpg,m00865.jpg,same
b01003.jpg,m01003.jpg,same
b00819.jpg,m00819.jpg,same
b00657.jpg,m00657.jpg,same
b00380.jpg,m00380.jpg,same
b01987.jpg,m01987.jpg,same
b00012.jpg,m00012.jpg,same
b01119.jpg,m01119.jpg,same
b01450.jpg,m01450.jpg,same
b00977.jpg,m00977.jpg,same
b00687.jpg,m00687.jpg,same
b00812.jpg,m00812.jpg,same
b01481.jpg,m01481.jpg,same
b01783.jpg,m01783.jpg,same
b01820.jpg,m01820.jpg,same
b01856.jpg,m01856.jpg,same
b00188.jpg,m00188.jpg,same
b00265.jpg,m00265.jpg,same
b01526.jpg,m01526.jpg,same
b01658.jpg,m01658.jpg,same
b00884.jpg,m00884.jpg,same
b00634.jpg,m00634.jpg,same
b01251.jpg,m01251.jpg,same
b01870.jpg,m01870.jpg,same
b00098.jpg,m00098.jpg,same
b00856.jpg,m00856.jpg,same
b01388.jpg,m01388.jpg,same
b00272.jpg,m00272.jpg,same
b00901.jpg,m00901.jpg,same
b01299.jpg,m01299.jpg,same
b00251.jpg,m00251.jpg,same
b01686.jpg,m01686.jpg,same
b00755.jpg,m00755.jpg,same
b00679.jpg,m00679.jpg,same
b01994.jpg,m01994.jpg,same
b00744.jpg,m00744.jpg,same
b01150.jpg,m01150.jpg,same
b02025.jpg,m02025.jpg,same
b00672.jpg,m00672.jpg,same
b00419.jpg,m00419.jpg,same
b00173.jpg,m00173.jpg,same
b01030.jpg,m01030.jpg,same
b00409.jpg,m00409.jpg,same
b00794.jpg,m00794.jpg,same
b01358.jpg,m01358.jpg,same
b01168.jpg,m01168.jpg,same
b02048.jpg,m02048.jpg,same
b01593.jpg,m01593.jpg,same
b01043.jpg,m01043.jpg,same
b00126.jpg,m00126.jpg,same
b01990.jpg,m01990.jpg,same
b00022.jpg,m00022.jpg,same
b01595.jpg,m01595.jpg,same
b00271.jpg,m00271.jpg,same
b00764.jpg,m00764.jpg,same
b00584.jpg,m00584.jpg,same
b01024.jpg,m01024.jpg,same
b01549.jpg,m01549.jpg,same
b01945.jpg,m01945.jpg,same
b01093.jpg,m01093.jpg,same
b00386.jpg,m00386.jpg,same
b00547.jpg,m00547.jpg,same
b00456.jpg,m00456.jpg,same
b00381.jpg,m00381.jpg,same
b00896.jpg,m00896.jpg,same
b01394.jpg,m01394.jpg,same
b01113.jpg,m01113.jpg,same
b01948.jpg,m01948.jpg,same
b01036.jpg,m01036.jpg,same
b00817.jpg,m00817.jpg,same
b01559.jpg,m01559.jpg,same
b00907.jpg,m00907.jpg,same
b00767.jpg,m00767.jpg,same
b00387.jpg,m00387.jpg,same
b00924.jpg,m00924.jpg,same
b01363.jpg,m01363.jpg,same
b00445.jpg,m00445.jpg,same
b01523.jpg,m01523.jpg,same
b00184.jpg,m00184.jpg,same
b01517.jpg,m01517.jpg,same
b00966.jpg,m00966.jpg,same
b00776.jpg,m00776.jpg,same
b01174.jpg,m01174.jpg,same
b02123.jpg,m02123.jpg,same
b00996.jpg,m00996.jpg,same
b01384.jpg,m01384.jpg,same
b01495.jpg,m01495.jpg,same
b01985.jpg,m01985.jpg,same
b01185.jpg,m01185.jpg,same
b01909.jpg,m01909.jpg,same
b00196.jpg,m00196.jpg,same
b00291.jpg,m00291.jpg,same
b02038.jpg,m02038.jpg,same
b00460.jpg,m00460.jpg,same
b01842.jpg,m01842.jpg,same
b02117.jpg,m02117.jpg,same
b00004.jpg,m00004.jpg,same
b00306.jpg,m00306.jpg,same
b00123.jpg,m00123.jpg,same
b00433.jpg,m00433.jpg,same
b01155.jpg,m01155.jpg,same
b02054.jpg,m02054.jpg,same
b00326.jpg,m00326.jpg,same
b00954.jpg,m00954.jpg,same
b01328.jpg,m01328.jpg,same
b00045.jpg,m00045.jpg,same
b01228.jpg,m01228.jpg,same
b01126.jpg,m01126.jpg,same
b01134.jpg,m01134.jpg,same
b01678.jpg,m01678.jpg,same
b00560.jpg,m00560.jpg,same
b02110.jpg,m02110.jpg,same
b00556.jpg,m00556.jpg,same
b01732.jpg,m01732.jpg,same
b01937.jpg,m01937.jpg,same
b01938.jpg,m01938.jpg,same
b02073.jpg,m02073.jpg,same
b00920.jpg,m00920.jpg,same
b00236.jpg,m00236.jpg,same
b01744.jpg,m01744.jpg,same
b01361.jpg,m01361.jpg,same
b01085.jpg,m01085.jpg,same
b00558.jpg,m00558.jpg,same
b00372.jpg,m00372.jpg,same
b01788.jpg,m01788.jpg,same
b00195.jpg,m00195.jpg,same
b00333.jpg,m00333.jpg,same
b00811.jpg,m00811.jpg,same
b01278.jpg,m01278.jpg,same
b00244.jpg,m00244.jpg,same
b00721.jpg,m00721.jpg,same
b02108.jpg,m02108.jpg,same
b00694.jpg,m00694.jpg,same
b00228.jpg,m00228.jpg,same
b00223.jpg,m00223.jpg,same
b01545.jpg,m01545.jpg,same
b00157.jpg,m00157.jpg,same
b02115.jpg,m02115.jpg,same
b01198.jpg,m01198.jpg,same
b01796.jpg,m01796.jpg,same
b01889.jpg,m01889.jpg,same
b01798.jpg,m01798.jpg,same
b00897.jpg,m00897.jpg,same
b00845.jpg,m00845.jpg,same
b00170.jpg,m00170.jpg,same
b00855.jpg,m00855.jpg,same
b01095.jpg,m01095.jpg,same
b01738.jpg,m01738.jpg,same
b00234.jpg,m00234.jpg,same
b01652.jpg,m01652.jpg,same
b00922.jpg,m00922.jpg,same
b01027.jpg,m01027.jpg,same
b01745.jpg,m01745.jpg,same
b00626.jpg,m00626.jpg,same
b01621.jpg,m01621.jpg,same
b00065.jpg,m00065.jpg,same
b00890.jpg,m00890.jpg,same
b01424.jpg,m01424.jpg,same
b00447.jpg,m00447.jpg,same
b01301.jpg,m01301.jpg,same
b00133.jpg,m00133.jpg,same
b01291.jpg,m01291.jpg,same
b00202.jpg,m00202.jpg,same
b00203.jpg,m00203.jpg,same
b00082.jpg,m00082.jpg,same
b00238.jpg,m00238.jpg,same
b01223.jpg,m01223.jpg,same
b01196.jpg,m01196.jpg,same
b00025.jpg,m00025.jpg,same
b01227.jpg,m01227.jpg,same
b00487.jpg,m00487.jpg,same
b00085.jpg,m00085.jpg,same
b01661.jpg,m01661.jpg,same
b00049.jpg,m00049.jpg,same
b00853.jpg,m00853.jpg,same
b00994.jpg,m00994.jpg,same
b00464.jpg,m00464.jpg,same
b00375.jpg,m00375.jpg,same
b00743.jpg,m00743.jpg,same
b00257.jpg,m00257.jpg,same
b00500.jpg,m00500.jpg,same
b00243.jpg,m00243.jpg,same
b01170.jpg,m01170.jpg,same
b00607.jpg,m00607.jpg,same
b00021.jpg,m00021.jpg,same
b00169.jpg,m00169.jpg,same
b01389.jpg,m01389.jpg,same
b01863.jpg,m01863.jpg,same
b01793.jpg,m01793.jpg,same
b01610.jpg,m01610.jpg,same
b00578.jpg,m00578.jpg,same
b02083.jpg,m02083.jpg,same
b00422.jpg,m00422.jpg,same
b01460.jpg,m01460.jpg,same
b01221.jpg,m01221.jpg,same
b01950.jpg,m01950.jpg,same
b02084.jpg,m02084.jpg,same
b01799.jpg,m01799.jpg,same
b01262.jpg,m01262.jpg,same
b01773.jpg,m01773.jpg,same
b00587.jpg,m00587.jpg,same
b02085.jpg,m02085.jpg,same
b00265.jpg,m00265.jpg,same
b00724.jpg,m00724.jpg,same
b00514.jpg,m00514.jpg,same
b00579.jpg,m00579.jpg,same
b01359.jpg,m01359.jpg,same
b00452.jpg,m00452.jpg,same
b01880.jpg,m01880.jpg,same
b00705.jpg,m00705.jpg,same
b02017.jpg,m02017.jpg,same
b01570.jpg,m01570.jpg,same
b01616.jpg,m01616.jpg,same
b00896.jpg,m00896.jpg,same
b00956.jpg,m00956.jpg,same
b01511.jpg,m01511.jpg,same
b00841.jpg,m00841.jpg,same
b00058.jpg,m00058.jpg,same
b00456.jpg,m00456.jpg,same
b01005.jpg,m01005.jpg,same
b01961.jpg,m01961.jpg,same
b00121.jpg,m00121.jpg,same
b01990.jpg,m01990.jpg,same
b00834.jpg,m00834.jpg,same
b00891.jpg,m00891.jpg,same
b01612.jpg,m01612.jpg,same
b01580.jpg,m01580.jpg,same
b00530.jpg,m00530.jpg,same
b00376.jpg,m00376.jpg,same
b01043.jpg,m01043.jpg,same
b01762.jpg,m01762.jpg,same
b01792.jpg,m01792.jpg,same
b00104.jpg,m00104.jpg,same
b00255.jpg,m00255.jpg,same
b00047.jpg,m00047.jpg,same
b01592.jpg,m01592.jpg,same
b00825.jpg,m00825.jpg,same
b01474.jpg,m01474.jpg,same
b01412.jpg,m01412.jpg,same
b00874.jpg,m00874.jpg,same
b00569.jpg,m00569.jpg,same
b01498.jpg,m01498.jpg,same
b01464.jpg,m01464.jpg,same
b01842.jpg,m01842.jpg,same
b00830.jpg,m00830.jpg,same
b01648.jpg,m01648.jpg,same
b01609.jpg,m01609.jpg,same
b00520.jpg,m00520.jpg,same
b00382.jpg,m00382.jpg,same
b01204.jpg,m01204.jpg,same
b01187.jpg,m01187.jpg,same
b00512.jpg,m00512.jpg,same
b01981.jpg,m01981.jpg,same
b00037.jpg,m00037.jpg,same
b01320.jpg,m01320.jpg,same
b00256.jpg,m00256.jpg,same
b00996.jpg,m00996.jpg,same
b00462.jpg,m00462.jpg,same
b00129.jpg,m00129.jpg,same
b00828.jpg,m00828.jpg,same
b01033.jpg,m01033.jpg,same
b01906.jpg,m01906.jpg,same
b00241.jpg,m00241.jpg,same
b01302.jpg,m01302.jpg,same
b00469.jpg,m00469.jpg,same
b02034.jpg,m02034.jpg,same
b01829.jpg,m01829.jpg,same
b00701.jpg,m00701.jpg,same
b01687.jpg,m01687.jpg,same
b00899.jpg,m00899.jpg,same
b01438.jpg,m01438.jpg,same
b01170.jpg,m01170.jpg,same
b00903.jpg,m00903.jpg,same
b01281.jpg,m01281.jpg,same
b01865.jpg,m01865.jpg,same
b01055.jpg,m01055.jpg,same
b01331.jpg,m01331.jpg,same
b01864.jpg,m01864.jpg,same
b01132.jpg,m01132.jpg,same
b00066.jpg,m00066.jpg,same
b01185.jpg,m01185.jpg,same
b01924.jpg,m01924.jpg,same
b00596.jpg,m00596.jpg,same
b00717.jpg,m00717.jpg,same
b01630.jpg,m01630.jpg,same
b00819.jpg,m00819.jpg,same
b01054.jpg,m01054.jpg,same
b00563.jpg,m00563.jpg,same
b01776.jpg,m01776.jpg,same
b00818.jpg,m00818.jpg,same
b00048.jpg,m00048.jpg,same
b01909.jpg,m01909.jpg,same
b00379.jpg,m00379.jpg,same
b01740.jpg,m01740.jpg,same
b01335.jpg,m01335.jpg,same
b01723.jpg,m01723.jpg,same
b00771.jpg,m00771.jpg,same
b00863.jpg,m00863.jpg,same
b00485.jpg,m00485.jpg,same
b01218.jpg,m01218.jpg,same
b01529.jpg,m01529.jpg,same
b00442.jpg,m00442.jpg,same
b01596.jpg,m01596.jpg,same
b01300.jpg,m01300.jpg,same
b01675.jpg,m01675.jpg,same
b00495.jpg,m00495.jpg,same
b00529.jpg,m00529.jpg,same
b00127.jpg,m00127.jpg,same
b00803.jpg,m00803.jpg,same
b01944.jpg,m01944.jpg,same
b01849.jpg,m01849.jpg,same
b01545.jpg,m01545.jpg,same
b00812.jpg,m00812.jpg,same
b00029.jpg,m00029.jpg,same
b00756.jpg,m00756.jpg,same
b02037.jpg,m02037.jpg,same
b00370.jpg,m00370.jpg,same
b01122.jpg,m01122.jpg,same
b01936.jpg,m01936.jpg,same
b00263.jpg,m00263.jpg,same
b01683.jpg,m01683.jpg,same
b02044.jpg,m02044.jpg,same
b01908.jpg,m01908.jpg,same
b01987.jpg,m01987.jpg,same
b00368.jpg,m00368.jpg,same
b00161.jpg,m00161.jpg,same
b01887.jpg,m01887.jpg,same
b00843.jpg,m00843.jpg,same
b00421.jpg,m00421.jpg,same
b00300.jpg,m00300.jpg,same
b01939.jpg,m01939.jpg,same
b01833.jpg,m01833.jpg,same
b00389.jpg,m00389.jpg,same
b00409.jpg,m00409.jpg,same
b00948.jpg,m00948.jpg,same
b00731.jpg,m00731.jpg,same
b00095.jpg,m00095.jpg,same
b00009.jpg,m00009.jpg,same
b00804.jpg,m00804.jpg,same
b00458.jpg,m00458.jpg,same
b00588.jpg,m00588.jpg,same
b01538.jpg,m01538.jpg,same
b01146.jpg,m01146.jpg,same
b00765.jpg,m00765.jpg,same
b01178.jpg,m01178.jpg,same
b00132.jpg,m00132.jpg,same
b00083.jpg,m00083.jpg,same
b01867.jpg,m01867.jpg,same
b01881.jpg,m01881.jpg,same
b00869.jpg,m00869.jpg,same
b00275.jpg,m00275.jpg,same
b01431.jpg,m01431.jpg,same
b01003.jpg,m01003.jpg,same
b01663.jpg,m01663.jpg,same
b02068.jpg,m02068.jpg,same
b01589.jpg,m01589.jpg,same
b01979.jpg,m01979.jpg,same
b01348.jpg,m01348.jpg,same
b00602.jpg,m00602.jpg,same
b01289.jpg,m01289.jpg,same
b01345.jpg,m01345.jpg,same
b01725.jpg,m01725.jpg,same
b01854.jpg,m01854.jpg,same
b01223.jpg,m01223.jpg,same
b01619.jpg,m01619.jpg,same
b02077.jpg,m02077.jpg,same
b01272.jpg,m01272.jpg,same
b01513.jpg,m01513.jpg,same
b01478.jpg,m01478.jpg,same
b00503.jpg,m00503.jpg,same
b00205.jpg,m00205.jpg,same
b00271.jpg,m00271.jpg,same
b00024.jpg,m00024.jpg,same
b01193.jpg,m01193.jpg,same
b01782.jpg,m01782.jpg,same
b00025.jpg,m00025.jpg,same
b01715.jpg,m01715.jpg,same
b00290.jpg,m00290.jpg,same
b01472.jpg,m01472.jpg,same
b02026.jpg,m02026.jpg,same
b00719.jpg,m00719.jpg,same
b01998.jpg,m01998.jpg,same
b02112.jpg,m02112.jpg,same
b00898.jpg,m00898.jpg,same
b00429.jpg,m00429.jpg,same
b00634.jpg,m00634.jpg,same
b00556.jpg,m00556.jpg,same
b00443.jpg,m00443.jpg,same
b01271.jpg,m01271.jpg,same
b00990.jpg,m00990.jpg,same
b01398.jpg,m01398.jpg,same
b01820.jpg,m01820.jpg,same
b01800.jpg,m01800.jpg,same
b01973.jpg,m01973.jpg,same
b01591.jpg,m01591.jpg,same
b01509.jpg,m01509.jpg,same
b01113.jpg,m01113.jpg,same
b01020.jpg,m01020.jpg,same
b01205.jpg,m01205.jpg,same
b00652.jpg,m00652.jpg,same
b00570.jpg,m00570.jpg,same
b01333.jpg,m01333.jpg,same
b00534.jpg,m00534.jpg,same
b00807.jpg,m00807.jpg,same
b01874.jpg,m01874.jpg,same
b00163.jpg,m00163.jpg,same
b00478.jpg,m00478.jpg,same
b01082.jpg,m01082.jpg,same
b00878.jpg,m00878.jpg,same
b00799.jpg,m00799.jpg,same
b01546.jpg,m01546.jpg,same
b00038.jpg,m00038.jpg,same
b00114.jpg,m00114.jpg,same
b00747.jpg,m00747.jpg,same
b01763.jpg,m01763.jpg,same
b00168.jpg,m00168.jpg,same
b01896.jpg,m01896.jpg,same
b00369.jpg,m00369.jpg,same
b00952.jpg,m00952.jpg,same
b01138.jpg,m01138.jpg,same
b01377.jpg,m01377.jpg,same
b00240.jpg,m00240.jpg,same
b01053.jpg,m01053.jpg,same
b00931.jpg,m00931.jpg,same
b00821.jpg,m00821.jpg,same
b00502.jpg,m00502.jpg,same
b00624.jpg,m00624.jpg,same
b00729.jpg,m00729.jpg,same
b00073.jpg,m00073.jpg,same
b01468.jpg,m01468.jpg,same
b00934.jpg,m00934.jpg,same
b02097.jpg,m02097.jpg,same
b01376.jpg,m01376.jpg,same
b00698.jpg,m00698.jpg,same
b01337.jpg,m01337.jpg,same
b02076.jpg,m02076.jpg,same
b00264.jpg,m00264.jpg,same
b00278.jpg,m00278.jpg,same
b00875.jpg,m00875.jpg,same
b00554.jpg,m00554.jpg,same
b00033.jpg,m00033.jpg,same
b01448.jpg,m01448.jpg,same
b01251.jpg,m01251.jpg,same
b00607.jpg,m00607.jpg,same
b01623.jpg,m01623.jpg,same
b00846.jpg,m00846.jpg,same
b00547.jpg,m00547.jpg,same
b00479.jpg,m00479.jpg,same
b01954.jpg,m01954.jpg,same
b00560.jpg,m00560.jpg,same
b01487.jpg,m01487.jpg,same
b01736.jpg,m01736.jpg,same
b00723.jpg,m00723.jpg,same
b01758.jpg,m01758.jpg,same
b01645.jpg,m01645.jpg,same
b00754.jpg,m00754.jpg,same
b00880.jpg,m00880.jpg,same
b01669.jpg,m01669.jpg,same
b00734.jpg,m00734.jpg,same
b01042.jpg,m01042.jpg,same
b00619.jpg,m00619.jpg,same
b01279.jpg,m01279.jpg,same
b00008.jpg,m00008.jpg,same
b01991.jpg,m01991.jpg,same
b01660.jpg,m01660.jpg,same
b01241.jpg,m01241.jpg,same
b01238.jpg,m01238.jpg,same
b01038.jpg,m01038.jpg,same
b00497.jpg,m00497.jpg,same
b00862.jpg,m00862.jpg,same
b00926.jpg,m00926.jpg,same
b01052.jpg,m01052.jpg,same
b01819.jpg,m01819.jpg,same
b00253.jpg,m00253.jpg,same
b00269.jpg,m00269.jpg,same
b01240.jpg,m01240.jpg,same
b02025.jpg,m02025.jpg,same
b00427.jpg,m00427.jpg,same
b01503.jpg,m01503.jpg,same
b01632.jpg,m01632.jpg,same
b00738.jpg,m00738.jpg,same
b01256.jpg,m01256.jpg,same
b01260.jpg,m01260.jpg,same
b00695.jpg,m00695.jpg,same
b00054.jpg,m00054.jpg,same
b01628.jpg,m01628.jpg,same
b00702.jpg,m00702.jpg,same
b02107.jpg,m02107.jpg,same
b02022.jpg,m02022.jpg,same
b00839.jpg,m00839.jpg,same
b01208.jpg,m01208.jpg,same
b01731.jpg,m01731.jpg,same
b01682.jpg,m01682.jpg,same
b00610.jpg,m00610.jpg,same
b00842.jpg,m00842.jpg,same
b00131.jpg,m00131.jpg,same
b00184.jpg,m00184.jpg,same
b01895.jpg,m01895.jpg,same
b00148.jpg,m00148.jpg,same
b00076.jpg,m00076.jpg,same
b00007.jpg,m00007.jpg,same
b01045.jpg,m01045.jpg,same
b00315.jpg,m00315.jpg,same
b00805.jpg,m00805.jpg,same
b01481.jpg,m01481.jpg,same
b01242.jpg,m01242.jpg,same
b02080.jpg,m02080.jpg,same
b00133.jpg,m00133.jpg,same
b02117.jpg,m02117.jpg,same
b01754.jpg,m01754.jpg,same
b01562.jpg,m01562.jpg,same
b01083.jpg,m01083.jpg,same
b00446.jpg,m00446.jpg,same
b01835.jpg,m01835.jpg,same
b00887.jpg,m00887.jpg,same
b00089.jpg,m00089.jpg,same
b00453.jpg,m00453.jpg,same
b01643.jpg,m01643.jpg,same
b00420.jpg,m00420.jpg,same
b01698.jpg,m01698.jpg,same
b01941.jpg,m01941.jpg,same
b00614.jpg,m00614.jpg,same
b01318.jpg,m01318.jpg,same
b01159.jpg,m01159.jpg,same
b01370.jpg,m01370.jpg,same
b00012.jpg,m00012.jpg,same
b00321.jpg,m00321.jpg,same
b01436.jpg,m01436.jpg,same
b01519.jpg,m01519.jpg,same
b02047.jpg,m02047.jpg,same
b01897.jpg,m01897.jpg,same
b00225.jpg,m00225.jpg,same
b00524.jpg,m00524.jpg,same
b00036.jpg,m00036.jpg,same
b00057.jpg,m00057.jpg,same
b00517.jpg,m00517.jpg,same
b01719.jpg,m01719.jpg,same
b00221.jpg,m00221.jpg,same
b00423.jpg,m00423.jpg,same
b00540.jpg,m00540.jpg,same
b02054.jpg,m02054.jpg,same
b00468.jpg,m00468.jpg,same
b01165.jpg,m01165.jpg,same
b01299.jpg,m01299.jpg,same
b02094.jpg,m02094.jpg,same
b02126.jpg,m02126.jpg,same
b01781.jpg,m01781.jpg,same
b01440.jpg,m01440.jpg,same
b00866.jpg,m00866.jpg,same
b01717.jpg,m01717.jpg,same
b01768.jpg,m01768.jpg,same
b02057.jpg,m02057.jpg,same
b00752.jpg,m00752.jpg,same
b00715.jpg,m00715.jpg,same
b01114.jpg,m01114.jpg,same
b01007.jpg,m01007.jpg,same
b00913.jpg,m00913.jpg,same
b01428.jpg,m01428.jpg,same
b02123.jpg,m02123.jpg,same
b01105.jpg,m01105.jpg,same
b00107.jpg,m00107.jpg,same
b01422.jpg,m01422.jpg,same
b00681.jpg,m00681.jpg,same
b02058.jpg,m02058.jpg,same
b00893.jpg,m00893.jpg,same
b00040.jpg,m00040.jpg,same
b01980.jpg,m01980.jpg,same
b00590.jpg,m00590.jpg,same
b00661.jpg,m00661.jpg,same
b00204.jpg,m00204.jpg,same
b01393.jpg,m01393.jpg,same
b01666.jpg,m01666.jpg,same
b01340.jpg,m01340.jpg,same
b01720.jpg,m01720.jpg,same
b01466.jpg,m01466.jpg,same
b01048.jpg,m01048.jpg,same
b00942.jpg,m00942.jpg,same
b00921.jpg,m00921.jpg,same
b00405.jpg,m00405.jpg,same
b01293.jpg,m01293.jpg,same
b01310.jpg,m01310.jpg,same
b00042.jpg,m00042.jpg,same
b00173.jpg,m00173.jpg,same
b01793.jpg,m01793.jpg,same
b00676.jpg,m00676.jpg,same
b01933.jpg,m01933.jpg,same
b00352.jpg,m00352.jpg,same
b01369.jpg,m01369.jpg,same
b00711.jpg,m00711.jpg,same
b02013.jpg,m02013.jpg,same
b02110.jpg,m02110.jpg,same
b00840.jpg,m00840.jpg,same
b00106.jpg,m00106.jpg,same
b01724.jpg,m01724.jpg,same
b00190.jpg,m00190.jpg,same
b01668.jpg,m01668.jpg,same
b01803.jpg,m01803.jpg,same
b01421.jpg,m01421.jpg,same
b00832.jpg,m00832.jpg,same
b00267.jpg,m00267.jpg,same
b01533.jpg,m01533.jpg,same
b01659.jpg,m01659.jpg,same
b01553.jpg,m01553.jpg,same
b01769.jpg,m01769.jpg,same
b00092.jpg,m00092.jpg,same
b01821.jpg,m01821.jpg,same
b01748.jpg,m01748.jpg,same
b01834.jpg,m01834.jpg,same
b00992.jpg,m00992.jpg,same
b01972.jpg,m01972.jpg,same
b01602.jpg,m01602.jpg,same
b00174.jpg,m00174.jpg,same
b00431.jpg,m00431.jpg,same
b01116.jpg,m01116.jpg,same
b00406.jpg,m00406.jpg,same
b00993.jpg,m00993.jpg,same
b01210.jpg,m01210.jpg,same
b00198.jpg,m00198.jpg,same
b01984.jpg,m01984.jpg,same
b01168.jpg,m01168.jpg,same
b01332.jpg,m01332.jpg,same
b01875.jpg,m01875.jpg,same
b01653.jpg,m01653.jpg,same
b01090.jpg,m01090.jpg,same
b00354.jpg,m00354.jpg,same
b01227.jpg,m01227.jpg,same
b01890.jpg,m01890.jpg,same
b00773.jpg,m00773.jpg,same
b00360.jpg,m00360.jpg,same
b01732.jpg,m01732.jpg,same
b02090.jpg,m02090.jpg,same
b00888.jpg,m00888.jpg,same
b01826.jpg,m01826.jpg,same
b01532.jpg,m01532.jpg,same
b00130.jpg,m00130.jpg,same
b00064.jpg,m00064.jpg,same
b01772.jpg,m01772.jpg,same
b01751.jpg,m01751.jpg,same
b00606.jpg,m00606.jpg,same
b00936.jpg,m00936.jpg,same
b00852.jpg,m00852.jpg,same
b01883.jpg,m01883.jpg,same
b00879.jpg,m00879.jpg,same
b01180.jpg,m01180.jpg,same
b00658.jpg,m00658.jpg,same
b02072.jpg,m02072.jpg,same
b00194.jpg,m00194.jpg,same
b00860.jpg,m00860.jpg,same
b01098.jpg,m01098.jpg,same
b00248.jpg,m00248.jpg,same
b00760.jpg,m00760.jpg,same
b00330.jpg,m00330.jpg,same
b00144.jpg,m00144.jpg,same
b00284.jpg,m00284.jpg,same
b01824.jpg,m01824.jpg,same
b01399.jpg,m01399.jpg,same
b01009.jpg,m01009.jpg,same
b00728.jpg,m00728.jpg,same
b00276.jpg,m00276.jpg,same
b00850.jpg,m00850.jpg,same
b00929.jpg,m00929.jpg,same
b01304.jpg,m01304.jpg,same
b01587.jpg,m01587.jpg,same
b00536.jpg,m00536.jpg,same
b00689.jpg,m00689.jpg,same
b01406.jpg,m01406.jpg,same
b00332.jpg,m00332.jpg,same
b00432.jpg,m00432.jpg,same
b00440.jpg,m00440.jpg,same
b00482.jpg,m00482.jpg,same
b00397.jpg,m00397.jpg,same
b01657.jpg,m01657.jpg,same
b00932.jpg,m00932.jpg,same
b02115.jpg,m02115.jpg,same
b01361.jpg,m01361.jpg,same
b02093.jpg,m02093.jpg,same
b01904.jpg,m01904.jpg,same
b00787.jpg,m00787.jpg,same
b01516.jpg,m01516.jpg,same
b00015.jpg,m00015.jpg,same
b01878.jpg,m01878.jpg,same
b01756.jpg,m01756.jpg,same
b00865.jpg,m00865.jpg,same
b00679.jpg,m00679.jpg,same
b01615.jpg,m01615.jpg,same
b00175.jpg,m00175.jpg,same
b00231.jpg,m00231.jpg,same
b01435.jpg,m01435.jpg,same
b01237.jpg,m01237.jpg,same
b01726.jpg,m01726.jpg,same
b00858.jpg,m00858.jpg,same
b01414.jpg,m01414.jpg,same
b00171.jpg,m00171.jpg,same
b00793.jpg,m00793.jpg,same
